:020000040800F2
:10200000B822002049210008C5430008C743000842
:10201000CB430008CF430008D34300080000000072
:10202000000000000000000000000000D74300088E
:10203000D943000800000000DB430008DD4300082E
:102040006321000863210008632100086321000860
:102050006321000863210008632100086321000850
:102060006321000863210008632100086321000840
:102070006321000863210008632100086321000830
:102080006321000863210008D94F0008632100087C
:102090006321000863210008632100086321000810
:1020A000632100081DA900086321000867A8000833
:1020B000B3A6000863210008CB560008632100087E
:1020C00063210008632100086321000863210008E0
:1020D0006321000801620008632100082D8D0008BB
:1020E00063210008632100086321000863210008C0
:1020F000DF560008632100086321000863210008FF
:1021000063210008632100083F780008632100086C
:10211000632100086B9E000863210008632100080A
:10212000632100086321000863210008632100087F
:10213000DFF810D00DF01EFC00480047B94200083F
:10214000AFF30080B82200200648804706480047C9
:10215000FEE7FEE7FEE7FEE7FEE7FEE7FEE7FEE757
:10216000FEE7FEE74B220008312100080CB50020F5
:10217000019000906B48006840F480306949086025
:1021800000BF6848006800F4003000900198401CCF
:102190000190009818B90198B0F5A06FF1D161488D
:1021A000006800F4003010B10120009001E0002030
:1021B00000900098012843D15B48006840F010006F
:1021C000594908600846006820F003000860084686
:1021D000006840F002000860524840685149486079
:1021E0000846406848600846406840F4806048609F
:1021F0000846406820F47C1048600846406840F477
:10220000E81048600846006840F08070086000BF31
:102210004448006800F000700028F9D04148406848
:1022200020F003003F4948600846406840F0020043
:10223000486000BF3B48406800F00C000828F9D116
:102240000CBD10B5FFF792FF10BD10B53548006802
:1022500040F00100334908600846406833490840AF
:102260003049486008460068314908402D490860F7
:102270000846006820F4802008600846406820F482
:10228000FE0048604FF41F008860FFF7DAFF29481E
:102290002949086010BD10B5002100200022214B03
:1022A0005B6803F00C0121B1042906D0082928D16C
:1022B00007E0224B224C236027E0204B204C236078
:1022C00023E0184B5B6803F47010164B5B6803F453
:1022D0008032022303EB904022B91A4B4343184C3F
:1022E00023600DE00F4B5B6803F4003323B1154B03
:1022F0004343134C236003E0104B4343104C2360D3
:1023000003E00E4B0E4C236000BF00BF054B5B6823
:10231000C3F303130C4CE15C094B1B68CB40084C26
:10232000236010BD00100240002002400000FFF8B2
:10233000FFFFF6FE0020000808ED00E000127A0022
:102340000000002000093D00040000203149014345
:10235000314A1160704770B5002100230F22C47804
:1023600004B32D4C246804F4E064C4F5E064210A4D
:10237000C1F10403CA40447804FA03F1847814409C
:1023800021430901254C0678A155047804F01F0566
:102390000124AC4005786D11AD0005F1E025C5F8CC
:1023A000004109E0047804F01F050124AC401C4DF5
:1023B0000678761145F8264070BD1A4A0A40024355
:1023C000154B1B1F1A60704739B1134A121D126852
:1023D0000243114B1B1D1A6006E00F4A121D1268C2
:1023E00082430D4B1B1D1A607047042808D14FF023
:1023F000E021096941F004014FF0E022116107E09A
:102400004FF0E021096921F004014FF0E022116151
:10241000704700000000FA050CED00E000E400E069
:1024200080E100E080FFFF1F10B50446FA488442B7
:1024300008D10121401500F0E3FD0021601500F0F6
:10244000DFFD17E0F548844208D10121001500F0B6
:10245000D7FD0021201500F0D3FD0BE0F0488442A9
:1024600008D10121C80300F0CBFD00214FF400404A
:1024700000F0C6FD10BD30B50246002000235068B4
:10248000E84C20400D790C6844EA05242043506054
:102490009068E54C2040D1E902542C434D7944EA40
:1024A000450420439060D06A20F470000C7C641EC8
:1024B000E4B2234340EA0350D06230BD0021016002
:1024C000017141718160C16001210174704721B1C6
:1024D000826842F00102826003E0826822F0010219
:1024E0008260704721B1826842F48072826003E0AA
:1024F000826822F480728260704710B50023CBB2EC
:102500001AB144681C43446002E044689C43446040
:1025100010BD816841F008018160704701460020CC
:102520008A6802F008020AB1012000E0002070472A
:10253000816841F0040181607047014600208A688B
:1025400002F004020AB1012000E00020704721B12E
:10255000826842F4A002826003E0826822F4A00252
:1025600082607047014600208A6802F480020AB146
:10257000012000E00020704710B50A46002100232A
:10258000416821F46041531E41EA4331416010BD6E
:1025900021B1426842F40062426003E0426822F4E2
:1025A000006242607047F0B504460D4600200021ED
:1025B000092D11DDE068A5F10A0606EB460707269E
:1025C00006FA07F18843A5F10A0606EB460603FA68
:1025D00006F10843E0600CE0206905EB450707269B
:1025E00006FA07F1884305EB450603FA06F10843AE
:1025F0002061072A0FDA606B561E06EB86071F263E
:1026000006FA07F18843561E06EB860605FA06F120
:102610000843606322E00D2A0FDA206BD61F06EB19
:1026200086071F2606FA07F18843D61F06EB8606A3
:1026300005FA06F10843206310E0E06AA2F10D06F6
:1026400006EB86071F2606FA07F18843A2F10D065E
:1026500006EB860605FA06F10843E062F0BD21B1FB
:10266000826842F48012826003E0826822F4801261
:10267000826070470146C86C80B2704766484C3033
:102680000068704721B1426842F48062426003E012
:10269000426822F480624260704721B1426842F48D
:1026A0008052426003E0426822F4805242607047E8
:1026B0000A460021816821F4E0411143816070479E
:1026C00021B1826842F40042826003E0826822F411
:1026D00000428260704721B1826842F40212826037
:1026E00003E0826822F402128260704701460020F3
:1026F0008A6802F400120AB1012000E0002070474D
:10270000F0B504461546002000220026092911DDF7
:10271000E068A1F10A0707EB470C072707FA0CF25C
:102720009043A1F10A0707EB470703FA07F21043AA
:10273000E0600CE0206901EB410C072707FA0CF27E
:10274000904301EB410703FA07F210432061A06BAD
:10275000C0F30156EF1C06F1010CA7EB0C0707EBC9
:10276000870C1F2707FA0CF29043EF1C06F1010CAF
:10277000A7EB0C0707EB870701FA07F21043A063EA
:10278000F0BD10B50A4600210023816B21F44011F1
:10279000531E41EA0351816310BD08B50023009325
:1027A0000090009B0B440093009B1A6008BD08B585
:1027B000024600200090009201F12800009B18447E
:1027C00000900098006880B208BD0A460021416868
:1027D000164B194011434160704741628262704755
:1027E0000A460021416821F01F01114341607047F2
:1027F00040B109490831096841F40001064A08322C
:10280000116007E004490831096821F40001024A17
:102810000832116070470000002401400028014088
:10282000003C0140FFFEF0FFFDF7F1FFFFFD3FFF21
:102830000246002013680B400BB1012000E000208D
:102840007047CA430260704770B5024600200023FB
:1028500000240B125568CEB205EA060415681D4027
:1028600015B10CB1012000E0002070BD00220A1259
:10287000D343036070470000002044490860091DED
:102880000860091D0860091D086041483F4914316E
:102890000860704700213D498279002A3AD00A46F3
:1028A000126803689A430B461A600A1D126803688F
:1028B0009A430B1D1A60027911440A6803681A438F
:1028C0000A60324A0832126803689A432F4B083371
:1028D0001A601A1D126803689A432C4B0C331A6055
:1028E0004279102A0ED11A1F126803681A43274B27
:1028F00008331A601A1D126803681A43234B0C33FD
:102900001A600DE02149427911440A6803681A43AC
:102910000A6005E0027911440A6803689A430A6074
:1029200070470021016001710C214171002181710A
:1029300070471649103109680143144A103211607A
:10294000704701460020114A143212680A400AB149
:10295000012000E0002070470C49143108607047E6
:10296000014600200022094B1B6803EA0102074BC5
:1029700014331B680B4013B10AB1012000E00020A2
:10298000704702491431086070470000000401409C
:10299000FFFF0F0010B50446CC48844208D1012146
:1029A000042000F02DFB0021042000F029FB46E06C
:1029B000C748844208D10121082000F021FB0021F2
:1029C000082000F01DFB3AE0C248844208D10121F2
:1029D000102000F015FB0021102000F011FB2EE06C
:1029E000BD48844208D10121202000F009FB0021CC
:1029F000202000F005FB22E0B848844208D10121E4
:102A0000402000F0FDFA0021402000F0F9FA16E025
:102A1000B348844208D10121802000F0F1FA00215E
:102A2000802000F0EDFA0AE0AE48844207D101218F
:102A3000801500F0E5FA0021A01500F0E1FA10BDC4
:102A400010B50121084600F0DBFA0021012000F05A
:102A5000D7FA10BD2DE9F0410246002500260020DE
:102A600000230024002791F803C00CF00F0591F813
:102A700003C00CF0100CBCF1000F03D091F802C0A1
:102A80004CEA050591F800C0BCF1000F31D0146884
:102A900000202BE04FF0010C0CFA00F3B1F800C05D
:102AA0000CEA03069E4220D183004FF00F0C0CFA73
:102AB00003F7BC4305FA03FC4CEA040491F803C095
:102AC000BCF1280F06D14FF0010C0CFA00FCC2F843
:102AD00014C00AE091F803C0BCF1480F05D14FF0D3
:102AE000010C0CFA00FCC2F810C0401C0828D1D31D
:102AF0001460B1F800C0BCF1FF0F34DD5468002051
:102B00002EE000F1080C4FF0010808FA0CF3B1F8C0
:102B100000C00CEA03069E4221D183004FF00F0C47
:102B20000CFA03F7BC4305FA03FC4CEA040491F8E1
:102B300003C0BCF1280F05D100F1080C08FA0CF80D
:102B4000C2F8148091F803C0BCF1480F07D100F11E
:102B5000080C4FF0010808FA0CF8C2F81080401C6D
:102B60000828CED35460BDE8F0814FF6FF71018094
:102B7000022181700421C1707047024600209368D1
:102B80000B400BB1012000E000207047014688682F
:102B900080B2704702460020D3680B400BB1012081
:102BA00000E0002070470146C86880B270470161AC
:102BB0007047416170470AB1016100E041617047AF
:102BC000C16070474FF480320A4382618161826143
:102BD00082698269704702460020434B18684FF6AD
:102BE0008073184040EA021008433F4B186070475A
:102BF0003E49C8617047F0B50A4600230024002111
:102C0000002500F00046B6F1004F02D1364EF169C2
:102C100001E0354E7168C0F3034583B200F44016FD
:102C2000B6F5401F08D121F070612F4E766826F06E
:102C300070662D4F7E6012E000F48016B6F5801F9E
:102C400006D1032606FA05F4A14341F0706106E0BF
:102C5000460D360103FA06F6B14341F0706122B128
:102C6000460D360103FA06F6314300F00046B6F190
:102C7000004F02D11C4EF16101E01B4E7160F0BDAE
:102C800030B500228B071C0F0F2303FA04F2164BFA
:102C900008338C1053F824309343134C08348D10B0
:102CA00044F8253023468C1053F824308C07240F29
:102CB00000FA04F423430C4C08348D1044F82530FA
:102CC00030BD0A49DC31086070470000000801404F
:102CD000000C0140001001400014014000180140A8
:102CE000001C014000200140000001400000204283
:102CF000DF48006840F00100DD4908600846406890
:102D0000DC490840DA49486008460068DA4908406A
:102D1000D74908600846006820F48020086008460B
:102D2000406820F4FE0048604FF41F008860704740
:102D3000CF49096821F48031CD4A116011460968F4
:102D400021F480211160B0F5803F03D0B0F5802FD1
:102D50000ED106E0C649096841F48031C44A1160C9
:102D600007E0C349096841F4A021C14A116000E0AD
:102D700000BF00BF704710B50146002200230020AD
:102D80004A11012A02D1BA4C236806E0022A02D174
:102D9000B74C236A01E0B64C636A01F01F020124BC
:102DA00094401C400CB1012000E0002010BD38B55B
:102DB000002000900024002500BF3120FFF7DBFF3A
:102DC00005460098401C00900098B0F5A06F01D017
:102DD000002DF2D03120FFF7CEFF08B1012400E032
:102DE0000024204638BD01460020A14A106820F08A
:102DF000F80040EAC10010607047A04908607047C1
:102E0000024600209A4B586820F47C1042EA0103E5
:102E10001843974B586070479849086670470146B9
:102E20000020934A506820F0030008435060704728
:102E30008F48406800F00C007047014600208C4A23
:102E4000506820F0F00008435060704701460020B1
:102E5000874A506820F4E06008435060704701469C
:102E60000020834A506820F4605040EAC10050605E
:102E7000704729B17E4A527A02437D4B5A7204E070
:102E80007B4A527A82437A4B5A7270477B49D831D7
:102E90000860704701460020754A506820F44040A1
:102EA0000843506070470021714A20321170704A07
:102EB00082F82010012802D004280AD104E0012160
:102EC0006B4A2032117005E00521694A20321170E9
:102ED00000E000BF00BF704769490860704764495F
:102EE000096A0143624A11627047654944390860C2
:102EF000704730B500210022002400235C4D6D682E
:102F000005F00C0121B1042905D0082923D105E0E1
:102F10005C4D056022E05B4D05601FE0544D6D681F
:102F200005F47012524D6D6805F48034022505EBEE
:102F300092421CB9544D554305600BE04C4D6D68F1
:102F400005F400351DB1504D5543056002E04D4D6F
:102F50005543056002E04B4D056000BF00BF444D86
:102F60006D6805F0F0010909484D6B5C0568DD40AE
:102F700045603F4D6D6805F4E061090A434D6B5CA7
:102F80004568DD4085603A4D6D6805F46051C90AB9
:102F90003E4D6B5C4568DD40C560354D6D6805F4A0
:102FA0004041890B3A4D6B5CC568B5FBF3F5056193
:102FB00030BD29B12E4A526902432D4B5A6104E0BB
:102FC0002B4A526982432A4B5A61704729B1284AD9
:102FD00092690243264B9A6104E0254A9269824332
:102FE000234B9A61704729B1214AD2690243204B91
:102FF000DA6104E01E4AD26982431D4BDA617047F0
:1030000029B11B4AD2680243194BDA6004E0184A1E
:10301000D2688243164BDA60704729B1144A1269AC
:103020000243134B1A6104E0114A12698243104BA8
:103030001A61704712494039086070470F49C864E7
:1030400070470B49C87170470948406A40F080706A
:1030500007494862704701460020054A92680A40C5
:103060000AB1012000E000207047014988727047D2
:10307000001002400000FFF8FFFFF6FE0000424291
:103080008004424200127A0000093D001400002032
:103090002400002010B50446FE48844208D10121D6
:1030A000C014FFF7ADFF0021E014FFF7A9FFC4E053
:1030B000B4F1804F08D101210846FFF7AEFF00218F
:1030C0000120FFF7AAFFB8E0F348844208D10121AC
:1030D0000220FFF7A2FF00210220FFF79EFFACE0D5
:1030E000EE48844208D101210420FFF796FF002119
:1030F0000420FFF792FFA0E0E948844208D10121B3
:103100000820FFF78AFF00210820FFF786FF94E0E0
:10311000E448844208D101211020FFF77EFF0021FE
:103120001020FFF77AFF88E0DF48844208D10121B0
:103130002020FFF772FF00212020FFF76EFF7CE0C8
:10314000DA48844208D101214014FFF759FF0021D9
:103150006014FFF755FF70E0D548844209D1012182
:10316000C804FFF74DFF00214FF40020FFF748FF90
:1031700063E0D048844209D101210805FFF740FFF0
:1031800000214FF48010FFF73BFF56E0CA4884420D
:1031900009D101214805FFF733FF00214FF400104A
:1031A000FFF72EFF49E0C548844208D101214020A5
:1031B000FFF733FF00214020FFF72FFF3DE0C0481D
:1031C000844208D101218020FFF727FF00218020C1
:1031D000FFF723FF31E0BB48844208D1012180156D
:1031E000FFF71BFF0021A015FFF717FF25E0B648EA
:1031F000844209D101210804FFF702FF00214FF4A6
:103200008030FFF7FDFE18E0B048844209D101216B
:103210004804FFF7F5FE00214FF40030FFF7F0FE01
:103220000BE0AB48844208D101218804FFF7E8FE97
:1032300000214FF48020FFF7E3FE10BD002202883A
:10324000944B98420ED0994B98420BD0B0F1804FDE
:1032500008D0914B984205D0904B984202D0904BA9
:10326000984204D14FF68F731A404B881A438D4B06
:10327000984207D08C4B984204D04FF6FF431A4037
:10328000CB881A4302808B8883850B880385814B0A
:1032900098420BD0854B984208D08B4B984205D072
:1032A0008A4B984202D08A4B984201D10B7A03860E
:1032B00001238382704770B5002400220023058C0F
:1032C0004FF6FE7635400584028C8388048B4FF6DA
:1032D0008F752C40B51E2C400D882C43751E2A403E
:1032E0000D892A434D882A436A4DA8420BD06F4D61
:1032F000A84208D0744DA84205D0744DA84202D00F
:10330000734DA84213D14FF6F7752A404D892A43D1
:103310004FF6FB752A408D882A434FF6FF652B40F8
:103320004FF6FF552B408D892B43CD892B4383804E
:103330000483CD888586028470BD70B50024002288
:103340000023058C4FF6EF7635400584028C838888
:10335000048B48F6FF752C404FF6FF452C400D8836
:103360004FF6FF7606EA05252C434FF6DF752A4017
:103370000D8906EA05152A434D8806EA05152A43F4
:10338000444DA84202D0494DA8421DD14FF67F7549
:103390002A404D894FF6FF7606EA05152A434FF677
:1033A000BF752A408D8806EA05152A434FF6FF357A
:1033B0002B404FF2FF752B408D8906EA85052B4384
:1033C000CD8906EA85052B4383800483CD88058754
:1033D000028470BD70B5002400220023058C4FF6D6
:1033E000FF6635400584028C8388848B4FF68F7589
:1033F0002C404FF6FC752C400D882C434FF6FF55A2
:103400002A400D894FF6FF7606EA05252A434D88A6
:1034100006EA05252A431F4DA84202D0234DA842A3
:103420001DD14FF2FF752A404D894FF6FF7606EA0F
:1034300005252A434FF6FF352A408D8806EA0525E3
:103440002A434EF6FF752B404DF6FF752B408D89B4
:1034500006EA05152B43CD8906EA05152B43838023
:103460008483CD888587028470BD70B500220023D7
:103470000024058C4EF6FF7635400584038C848845
:10348000828B48F6FF752A404FF6FF452A400D888B
:1034900020E00000002C0140000400400008004033
:1034A000000C0040001000400014004000340140B7
:1034B000004C014000500140005401400018004001
:1034C000001C00400020004000400140004401403A
:1034D000004801404FF6FF7606EA05252A434DF6DF
:1034E000FF752B400D8906EA05352B434D8806EA0A
:1034F00005352B43FA4DA84202D0FA4DA84208D117
:103500004BF6FF752C408D894FF6FF7606EA851540
:103510002C4384808283CD88A0F84050038470BD02
:10352000828B4FF2FF331A408283828B4FF6FF73F8
:1035300003EA01231A4382837047F0B50C4615460F
:10354000002200210026078C4EF6FF7C07EA0C07BC
:103550000784828B018C4FF6FF7707EA043640F62A
:10356000FF473A404FF6FF7707EA05273A434FF601
:10357000FF7707EA03373A43D94FB8420ED0D94F05
:10358000B8420BD0B0F1804F08D0D74FB84205D029
:10359000D64FB84202D0D64FB84206D14DF6FF778B
:1035A000394046F48057394305E047F6FF57394024
:1035B00044F48057394382830184F0BD828B4FF6F7
:1035C000F3731A408283828B0A4382837047F0B57B
:1035D0000C461546002200210026078C4FF6FF6C92
:1035E00007EA0C070784828B018C4FF6FF7707EA06
:1035F00004264FF60C773A404FF6FF7707EA031799
:103600002F433A43B64FB8420ED0B64FB8420BD014
:10361000B0F1804F08D0B44FB84205D0B34FB84294
:1036200002D0B34FB84206D14FF6FF57394046F4A7
:103630008077394305E04FF2FF57394044F48077F3
:10364000394382830184F0BD028B4FF2FF331A406D
:103650000283028B4FF6FF7303EA01231A430283AE
:103660007047F0B50C461546002200210026078C55
:103670004FF6EF7C07EA0C070784028B018C4FF6AC
:10368000FF7707EA041640F6FF473A404FF6FF7708
:1036900007EA03373A434FF6FF7707EA05273A432D
:1036A0008F4FB8420ED08F4FB8420BD0B0F1804F41
:1036B00008D08D4FB84205D08C4FB84202D08C4F05
:1036C000B84206D14FF6DF77394046F0100739434C
:1036D00005E04FF65F77394044F010073943028325
:1036E0000184F0BD028B4FF6F3731A400283028B04
:1036F0000A4302837047F0B50C46154600220021AC
:10370000068C4FF6FE773E400684028B018C4FF606
:103710000C7632407E1C06EA03162E433243704E6E
:10372000B0420ED06F4EB0420BD0B0F1804F08D0F7
:103730006D4EB04205D06D4EB04202D06C4EB042DC
:1037400006D14FF6FD76314044F00106314305E0E5
:103750004FF6F576314044F001063143028301848F
:10376000F0BD70B505460C465D4885420ED05D48FB
:1037700085420BD0B5F1804F08D05B48854205D01B
:103780005A48854202D05A48854200D100E000BF25
:10379000208850B92389A28861882846FFF7ABFFAB
:1037A000E1882846FFF79EFF25E0208804280AD1FB
:1037B0002389A28861882846FFF753FFE1882846BD
:1037C000FFF742FF17E0208808280AD12389A28842
:1037D00061882846FFF7FBFEE1882846FFF7EEFEEA
:1037E00009E02389A28861882846FFF7A6FEE188C0
:1037F0002846FFF795FE70BD2DE9F04105460C46C1
:1038000000260127608808B9022600E00026A0886B
:10381000012801D1022700E001272088A0B92389CF
:10382000A28861882846FFF766FFE1882846FFF7EF
:1038300059FF23893A4631462846FFF712FFE188AF
:103840002846FFF701FF13E02389A28861882846F4
:10385000FFF707FFE1882846FFF7F6FE23893A467F
:1038600031462846FFF747FFE1882846FFF73AFF31
:10387000BDE8F0810A884B881A438B881A43CB88AD
:103880001A430B891A434B891A438B891A43A0F8B0
:10389000442070474FF6FF71818000210180C18074
:1038A0004180017270470021018041808180C18088
:1038B000018141818181C181704700210180418066
:1038C000012181800021C180018170470021018098
:1038D00041808180C18001814181818170470000E8
:1038E000002C01400034014000040040000800406A
:1038F000000C004021B1028842F00102028004E085
:1039000002884FF6FE731A400280704731B1B0F85A
:10391000442042F40042A0F8442005E0B0F84420DE
:10392000C2F30E02A0F8442070471AB183890B43FA
:10393000838102E083898B43838170478182704752
:1039400041EA0203A0F8483070471AB183890B435B
:10395000838102E083898B438381704701894FF61D
:10396000F8721140018170470A46002101894FF623
:103970008F73194011430181704730B504460D46DD
:1039800029462046FFF7F0FF208940F007002081FC
:1039900030BD2DE9F04104460D4616461F46602D08
:1039A00006D13B46012231462046FFF75AFE05E08C
:1039B0003B46012231462046FFF79DFE2946204620
:1039C000FFF7D2FF208940F007002081BDE8F08199
:1039D00030B50C4600210189C9B24FF6FF7505EAE2
:1039E0000325154325432943018130BD2DE9F041CD
:1039F00005460E4617469846002443463A46314649
:103A00002846FFF7E5FF2C894FF6F870044044F094
:103A100007044FF68F70044044F070042C81BDE819
:103A2000F081F0B504460D4616461F463B46324629
:103A300029462046FFF7CCFF208940F480402081B2
:103A4000F0BD0185828270470A46002101884FF649
:103A50008F731940114301807047F0B50C4615462D
:103A60001E460021002200230189028B038C4FF6A1
:103A7000F877394021434FF6FC473A4040F20117AE
:103A80003A434FF6DD773B404FF6FF7707EA0617DC
:103A90002F433B43018102830384F0BD0A4600218A
:103AA000018B4FF68F7319401143018370470A460B
:103AB0000021018B48F6FF7319404FF6FF7303EAAC
:103AC00002231943018370470A460021818B4FF678
:103AD0008F7319401143818370470A460021818BFF
:103AE00048F6FF7319404FF6FF7303EA02231943A8
:103AF0008183704721B1028842F08002028004E095
:103B000002884FF67F731A400280704721B1828885
:103B100042F00402828004E082884FF6FB731A4070
:103B20008280704721B1828842F00802828004E0DE
:103B300082884FF6F7731A408280704721B18288DD
:103B400042F00102828004E082884FF6FE731A4040
:103B5000828070470A460021018B4FF6F7731940A7
:103B60001143018370470A460021018B4FF2FF7316
:103B700019404FF6FF7303EA02231943018370478C
:103B80000A460021818B4FF6F77319401143818358
:103B900070470A460021818B4FF2FF7319404FF6A0
:103BA000FF7303EA02231943818370470A46002109
:103BB000018B4FF6FB7319401143018370470A468E
:103BC0000021018B4FF6FF3319404FF6FF7303EAD4
:103BD00002231943018370470A460021818B4FF667
:103BE000FB7319401143818370470A460021818B82
:103BF0004FF6FF3319404FF6FF7303EA02231943D0
:103C0000818370470A460021018B4FF67F7319406C
:103C10001143018370470A460021018BC1F30E0155
:103C20004FF6FF7303EA02231943018370470A46E4
:103C30000021818B4FF67F731940114381837047B8
:103C40000A460021818BC1F30E014FF6FF7303EA90
:103C500002231943818370470A460021018C4FF6E5
:103C6000FD7319401143018470470A460021018CFD
:103C70004FF6F77319401143018470470A4600213B
:103C8000018C4FF6DF7319404FF6FF7303EA0213FE
:103C90001943018470470A460021018C4FF67F7357
:103CA00019404FF6FF7303EA02131943018470476A
:103CB0000A460021018C4FF6FF5319404FF6FF735F
:103CC00003EA02231943018470470A460021018C4C
:103CD0004FF2FF7319404FF6FF7303EA02231943B3
:103CE000018470470A460021018C4DF6FF7319408C
:103CF0004FF6FF7303EA023319430184704730B56E
:103D0000002301248C40A3B2048C9C430484048CC3
:103D100002FA01F5ADB22C43048430BD30B5002366
:103D200004248C40A3B2048C9C430484048C02FAC7
:103D300001F5ADB22C43048430BD70B503460020BC
:103D400000241846183001258D40ACB21D8CA543C7
:103D50001D8409B1082909D100EB6100056825F02F
:103D6000700505600568154305600EE00D1FC5F37D
:103D70004E052844056825F4E045056005684FF6C2
:103D8000FF7606EA02263543056070BD21B1028840
:103D900042F00202028004E002884FF6FD731A40EE
:103DA0000280704721B1028842F00402028004E0E0
:103DB00002884FF6FB731A400280704721B1828857
:103DC00042F08002828004E082884FF67F731A40BE
:103DD0008280704702884FF6F7731A40028002888B
:103DE0000A430280704782884FF68F731A408280A0
:103DF00082880A438280704702894FF6F8731A401E
:103E0000028102890A430281704702894FF67F735B
:103E10001A40028102890A430281704781847047F7
:103E20008185704781867047018770478187704719
:103E3000A0F84010704702884FF6FF431A400280F6
:103E400002880A43028070470146888E7047014607
:103E5000088F70470146888F70470146B1F84000CF
:103E600070470146888C70470146088D70470246AE
:103E70000020138A0B400BB1012000E000207047A6
:103E8000CA430282704730B5024600200023002456
:103E9000158A05EA0103958905EA010413B10CB1FD
:103EA000012000E0002030BDCA43028270470000BC
:103EB00010B50446FB48844209D101218803FFF76D
:103EC0009FF800214FF48040FFF79AF832E0F6485F
:103ED000844209D101214804FFF79FF800214FF4E3
:103EE0000030FFF79AF825E0F048844209D101211B
:103EF0008804FFF792F800214FF48020FFF78DF837
:103F000018E0EB48844209D10121C804FFF785F885
:103F100000214FF40020FFF780F80BE0E5488442D1
:103F200008D101210805FFF778F800214FF480102F
:103F3000FFF773F810BD2DE9F04786B005460E4631
:103F40000024A24600BFA1460027B08900B100BFEF
:103F50002F462C8A4CF6FF700440F08804432C82D4
:103F6000AC894EF6F3100440B0883189084371895A
:103F700008430443AC81AC8A4FF6FF400440B0894B
:103F80000443AC8201A8FEF7B4FFC648874202D1C1
:103F9000DDF810A001E0DDF80CA0A88900F40040D5
:103FA00040B10AEBCA0000EB0A1031684900B0FBCF
:103FB000F1F807E00AEBCA0000EB0A10316889004B
:103FC000B0FBF1F86420B8FBF0F004012009642193
:103FD00001FB1089A88900F4004040B1322000EBB9
:103FE000C900B0FBF1F000F00700044308E0322004
:103FF00000EB09106421B0FBF1F000F00F00044366
:104000002C8106B0BDE8F0874FF416510160002105
:104010008180C18001810C21418100218181704713
:1040200010B502460020108A4FF2FF0318400B889B
:104030004C8823438C882343CC8823431843108225
:1040400010BD0021018041808180C180704721B175
:10405000828942F40052828104E082894DF6FF7326
:104060001A4082817047F0B50346002400260025DF
:10407000002040F66A17B94200D100BF1846C1F3CC
:10408000421401F01F06012707FA06F5012C01D1A1
:104090000C3004E0022C01D1103000E014301AB1D1
:1040A00007682F43076002E00768AF430760F0BD71
:1040B0001AB1838A0B43838202E0838A8B43838213
:1040C0007047028A4FF6F0731A400282028A0A434E
:1040D0000282704782894FF2FF731A40828182897F
:1040E0000A438281704721B1828942F002028281B3
:1040F00004E082894FF6FD731A4082817047028A7C
:104100004FF6DF731A400282028A0A430282704726
:1041100021B1028A42F48042028204E0028A4BF614
:10412000FF731A4002827047C1F308028280704711
:1041300001468888C0F308007047818941F0010179
:1041400081817047028BD2B20283028B42EA012244
:1041500002837047028B02F47F420283028B0A4380
:104160000283704721B1828A42F02002828204E0F9
:10417000828A4FF6DF731A408282704721B1828AA9
:1041800042F01002828204E0828A4FF6EF731A40F6
:104190008282704721B1828A42F00802828204E062
:1041A000828A4FF6F7731A408282704721B1828962
:1041B00042F40042828103E08289C2F30E028281CE
:1041C000704721B1828A42F40062828204E0828ACE
:1041D0004FF2FF731A4082827047828A4FF6FB7358
:1041E0001A408282828A0A438282704721B1828A7F
:1041F00042F00202828204E0828A4FF6FD731A4086
:104200008282704702460020B1F5007F00D100BFD6
:1042100013880B400BB1012000E00020704701F42F
:104220000072B2F5007F00D100BFCA430280704720
:1042300070B50246002400230025002040F66A16CF
:10424000B14200D100BFC1F3421501F01F030126A6
:1042500006FA03F3012D02D19689334006E0022DC0
:1042600002D1168A334001E0968A33400C120126AF
:1042700006FA04F41688344013B10CB1012000E0B2
:10428000002070BD10B50022002340F66A14A14240
:1042900000D100BF0A1201249440A3B2DC43048081
:1042A00010BD0000003801400044004000480040BC
:1042B000004C004000500040002400254FF4A06056
:1042C000FEF744F800F034FA00F0E0F800F09DF852
:1042D00001F04CF801F0C1F9002141F61F4000F057
:1042E0001BFD00F0FDFA00F04AFB00F097FB01F027
:1042F0000BFA01F01FFC00F069FE00F00CFE4721F4
:104300004FF6FF7006F01DF90AF0A6FB04F040FC22
:104310004FF4004024490860C82000F0B3FA4FF47D
:1043200000402149091D086020480078012804D177
:10433000472142F20F7000F0F7FC03F079FB3121C6
:1043400041F61F4000F0AFFC2CE004F021FC1848BF
:104350000078B8B108201749086101F0F9FB03F0B3
:1043600048FC04F063FB00F04AFE0444681CC0B241
:10437000054605280BD1B4FBF0F00F490880002555
:10438000002404E008200B49486104F0D0FB012020
:104390000A49087000200A49087000BF07480078E1
:1043A0000028FBD1D1E700001008014031000020B7
:1043B00032000020001001402A00002029000020C7
:1043C00028000020704700BFFEE700BFFEE700BFE7
:1043D000FEE700BFFEE770477047704710B500F07A
:1043E00028FA10BD01464906244A926942F00102AA
:1043F000224B9A61224A526822F0E062204B5A60B6
:104400001A4652680A435A60704708B50220FFF7FF
:10441000E9FF0120FFF7E6FF01210420FEF7D6FDAA
:104420004FF40040ADF8000010208DF8030002208A
:104430008DF8020069461348FEF70CFB4FF400416B
:104440001048FEF7B6FB08BD28B94FF400410D4AED
:104450001432116011E00C490968491C0A4A1160C4
:1044600081420ADB07490C31096881F40041054AA1
:104470000C3211600021044A1160704700100240A4
:1044800000000140000801405800002008B501214B
:104490001420FEF79BFD0120ADF8000004208DF8EC
:1044A000030069469548FEF7D5FA4FF40050ADF881
:1044B000000004208DF8030069469148FEF7CAFA0F
:1044C00008BD70B504460D4629462046FEF755FB4B
:1044D000012808D100BF29462046FEF74EFB0128DF
:1044E000F9D0012070BD0020FCE710B585480078A8
:1044F000062875D2DFE800F0030F2C3E5D7D012118
:104500007E48FEF73AFB012804D17E480078401C23
:104510007C49087082E07C480088401C80B27A495F
:104520000880052813D101217448FEF726FB0128D5
:1045300008D174480078401C724908700020724904
:10454000088004E00020704908806E49087065E02A
:1045500001216A48FEF711FB012805D16A4800884D
:10456000401C6949088004E066480078401C6549A1
:10457000087053E064480088B0F5C87F06DD00206D
:104580006049087060490880022010BD5E480088BC
:10459000052808DD5B480078401C5A490870002057
:1045A0005949088004E0002056490870564908809F
:1045B00034E055480088401C80B2534908802628C2
:1045C00016D101214D48FEF7D8FA012809D14D48EE
:1045D0000078401C4B49087000204B49088007E0D8
:1045E0001BE0002047490870474908800120CCE7BC
:1045F00014E001214148FEF7C0FA012805D14248E4
:104600000088401C4049088006E000203E490880A0
:104610003C4908700320B8E700E000BF00BF00205D
:10462000B3E710B5FFF761FF012804D002282FD0AF
:1046300003285FD135E035480078401C33490870C5
:1046400008460078042802D106F02BFA1FE02F4814
:104650000078052807D106F096FA4FF40040274964
:104660001431086013E02948007806280FD1002093
:10467000264908702649086026490860264948608E
:10468000264948604FF400401C491431086032E06C
:104690002348007808B9012000E000202049087074
:1046A00029E01A480078042810D11E48007808B97B
:1046B000012000E000201B49087008460078C0B9BE
:1046C00040F6241118480AF0DDFC12E00F4800788B
:1046D00078B91648006808B9012000E000201349A5
:1046E00008600846006820B940F624110E480AF018
:1046F000C9FC00E000BF00BF10BD00000008014081
:10470000001001405E0000205C000020C800002076
:10471000B4000020B0000020500800204008002015
:1047200032000020D0000020BA12002054000020E7
:1047300008B501211020FEF749FC0420ADF8000067
:1047400010208DF8030002208DF8020069461448FD
:10475000FEF780F90820ADF8000069461048FEF722
:1047600079F904210E48FEF722FA08210C48FEF7D9
:104770001EFA08BD18B90421094A11610FE0094960
:104780000968491C074A1160814208DB0449C9686D
:1047900081F00401024AD1600021024A1160704791
:1047A000001001406000002030B50146B1F1807F6B
:1047B00001D3012030BD21F07F40401E4FF0E022A8
:1047C000506150170F22002807DA13071D0E3E4BC9
:1047D00000F00F04241F1D5503E013071C0E3B4B74
:1047E0001C5400BF00204FF0E022906107201061B0
:1047F0000020DFE710B5364800683649B0FBF1F419
:104800002046FFF7D1FF08B100BFFEE710BD01B59C
:104810003149009808604FF0E020006940F0010045
:104820004FF0E021086100BF2B4800680028FBD151
:1048300008BD2948006820B127480068401E264965
:104840000860704731B5224800682449B0FBF1F593
:104850002846FFF7A9FF002408E000BF4FF0E02042
:10486000006900F480300028F8D0641C009884426D
:10487000F3D34FF0E020006920F001004FF0E02179
:10488000086138BD31B5124800684FF47A71B0FB49
:10489000F1F52846FFF788FF002408E000BF4FF03D
:1048A000E020006900F480300028F8D0641C0098F3
:1048B0008442F3D34FF0E020006920F001004FF074
:1048C000E021086138BD000018ED00E000E400E0E0
:1048D00000000020A08601006400002040420F007C
:1048E00000B587B001210420FEF770FB0121880389
:1048F000FEF76CFB4FF40070ADF8180018208DF82F
:104900001B0003208DF81A0006A98148FEF7A2F8C3
:104910004FF48060ADF8180048208DF81B0006A900
:104920007B48FEF797F825208DF8140001208DF8BC
:1049300015008DF816008DF8170005A8FDF70BFD82
:104940004FF4E13001900020ADF80800ADF80A0006
:10495000ADF80C00ADF810000C20ADF80E0001A968
:104960006C48FFF7E8FA012240F225516948FFF749
:104970007AFB01216748FFF76AFB07B000BD00B56D
:1049800087B001210820FEF721FB01218804FEF7F2
:104990002AFB4FF48060ADF8180018208DF81B003A
:1049A00003208DF81A0006A95B48FEF753F84FF470
:1049B0000060ADF8180004208DF81B0006A95648C9
:1049C000FEF748F827208DF8140001208DF8150017
:1049D0008DF816008DF8170005A8FDF7BCFC4FF404
:1049E000613001900020ADF80800ADF80A00ADF884
:1049F0000C00ADF810000C20ADF80E0001A94748DE
:104A0000FFF799FA012240F225514448FFF72BFBAA
:104A100001214248FFF71BFB07B000BD00B587B07E
:104A200001213020FEF7D2FA01210805FEF7DBFA5A
:104A30004FF48050ADF8180018208DF81B000320AB
:104A40008DF81A0006A93648FEF704F80420ADF8E0
:104A500018008DF81B0006A93248FDF7FBFF352032
:104A60008DF8140001208DF815008DF816008DF8D2
:104A7000170005A8FDF76FFC4FF4E130019000200E
:104A8000ADF80800ADF80A00ADF80C00ADF8100064
:104A90000C20ADF80E0001A92348FFF74CFA0122C3
:104AA00040F225512048FFF7DEFA01211E48FFF7AA
:104AB000CEFA07B000BD70B504460D461B4800781D
:104AC00060B900BF80211348FFF79CFB0028F9D094
:104AD000E1B21048FFF728FB204670BD00BF8021DF
:104AE0000E48FFF78FFB0028F9D0E1B20B48FFF723
:104AF0001BFB2046F1E710B5044600BF2021054806
:104B0000FFF780FB0028F9D00248FFF711FB10BD2A
:104B10000008014000380140000C014000480040FE
:104B200000100140001401400050004032000020FD
:104B300008B501210420FEF749FA4020ADF8000035
:104B400018208DF8030003208DF8020069466E4896
:104B5000FDF780FF01210420FEF738FA8020ADF830
:104B6000000018208DF8030003208DF8020069462C
:104B70006548FDF76FFF01210820FEF727FA0120A5
:104B8000ADF8000018208DF8030003208DF8020016
:104B900069465E48FDF75EFF01210820FEF716FA20
:104BA0000220ADF8000018208DF8030003208DF8D6
:104BB000020069465548FDF74DFF08BD30B587B086
:104BC00005460C4601210220FEF70DFAADF81450FF
:104BD000ADF810400020ADF81200ADF8160004A9A1
:104BE0004B48FEF72BFB6020ADF800000120ADF82C
:104BF00002000020ADF80600ADF808006946444800
:104C0000FEF759FB6020ADF800000120ADF802006E
:104C10000020ADF80600ADF8080069463C48FEF7F4
:104C20008CFB6020ADF800000120ADF802000020F0
:104C3000ADF80600ADF8080069463548FEF7CAFB36
:104C40006020ADF800000120ADF802000020ADF8B2
:104C50000600ADF8080069462D48FEF706FC08215D
:104C60002B48FEF777FF08212948FEF77CFF082133
:104C70002748FEF785FF08212548FEF78AFF012116
:104C80002348FEF737FF01212148FEF733FE07B026
:104C900030BD70B504460D46FFF74AFF2946204651
:104CA000FFF78CFF70BD7FB505460C4632208DF8AE
:104CB000000002208DF8010001208DF802008DF81F
:104CC00003006846FDF747FB01210820FEF78BF93A
:104CD000ADF80850ADF804400020ADF80600ADF87E
:104CE0000A0001A90B48FEF7A9FA01210948FFF7BC
:104CF000C7F8012211460748FEF717FE01210548B3
:104D0000FEF7F8FD7FBD000000080140000C0140E7
:104D100000040040000C004070B504460D462946D2
:104D20002046FFF7B6FF70BD30B589B005460C468A
:104D30000121C802FEF74AF901210420FEF746F9D5
:104D400018208DF823004FF48070ADF82000032068
:104D50008DF8220008A93748FDF77CFEADF8185001
:104D6000ADF814400020ADF81600ADF81A0005A902
:104D70003148FEF763FA6020ADF804000120ADF879
:104D800006000020ADF80A00ADF80C00ADF81000E8
:104D900001A92948FEF78FFA08212748FEF7DAFE15
:104DA00001212548FEF7B2FD01212348FEF7A2FEAE
:104DB00001212148FEF79EFD204800881E4934311C
:104DC000088009B030BD70B504460D461C48007817
:104DD000012805D11948008881B21748FFF722F849
:104DE000002C08DA4FF4E1501649088004F5E15030
:104DF000091D088008E04FF4E1501249091D0880A0
:104E0000C4F5E150091F0880002D09DA4FF4E15084
:104E10000C490831088005F5E150091D088008E0BB
:104E20004FF4E15007490C310880C5F5E150091FE6
:104E3000088070BD00080140002C0140CC0000201B
:104E4000310000203404004008B501211020FEF795
:104E5000BDF80220ADF8000000208DF8030069467F
:104E60008148FDF7F7FD08BD00B585B00121880236
:104E7000FEF7ACF87D48FDF7D7FA002000908DF8DA
:104E800004008DF805004FF460200290002003908C
:104E900001208DF8100069467448FDF7ECFA4FF4D4
:104EA0004040FDF7F7FF072301220B216F48FDF774
:104EB0007AFB01224FF408716C48FDF71EFB0121BB
:104EC0006A48FDF704FB6948FDF723FB00BF67480C
:104ED000FDF724FB0028FAD16448FDF729FB00BF49
:104EE0006248FDF72AFB0028FAD101215F48FDF74F
:104EF0002EFB05B000BD08B512208DF80000022081
:104F00008DF8010001208DF802008DF8030068463D
:104F1000FDF721FA08BD10B5FFF796FFFFF7A4FFD4
:104F2000FFF7E9FF10BD08B501211020FEF74EF88C
:104F30000120ADF8000000208DF8030069464A48C2
:104F4000FDF788FD08BD00B585B001214802FEF7D8
:104F50003DF84748FDF768FA002000908DF80400FE
:104F60008DF805004FF4602002900020039001208E
:104F70008DF8100069463E48FDF77DFA4FF4004079
:104F8000FDF788FF072301220A213948FDF70BFBB3
:104F900000224FF408713648FDF7AFFA012134487A
:104FA000FDF795FA3248FDF7B4FA00BF3048FDF737
:104FB000B5FA0028FAD12E48FDF7BAFA00BF2C48FE
:104FC000FDF7BBFA0028FAD105B000BD10B5FFF718
:104FD000AAFFFFF7B8FF10BD10B54FF408712348C2
:104FE000FDF732FC012809D12048FDF743FB214998
:104FF00008804FF408711D48FDF738FC10BD2DE9FD
:10500000F04101211948FDF7A2FA1A4800880AF078
:10501000AAFA804618490AF0A5F8074617490AF087
:10502000A1F8064616490AF09DF805460AF0D7FA97
:1050300084B22046BDE8F08110B504460723012262
:1050400021460B48FDF7AFFA01210948FDF77FFA29
:1050500000BF00BF02210648FDF7EAFB0028F9D097
:105060000348FDF707FB10BD001001400028014078
:1050700000240140680000206740533A000030419E
:105080000000C84210B50A461AB10123FE4C236045
:1050900002E00023FC4C2360002115E00023FB4CC0
:1050A000236000F0800323B10123F74C0834236010
:1050B00003E00023F44C083423600123F34C236005
:1050C0004306180E4B1CD9B20829E7DB0123EE4C2E
:1050D000236010BD30B500241CE004F1B001C8B25B
:1050E0000021FFF7CFFF00210846FFF7CBFF00218B
:1050F0001020FFF7C7FF002508E0E54901EBC501D7
:10510000085D0121FFF7BEFF681CC5B2802DF4DBEE
:10511000601CC4B2082CE0DB30BD00B500218D203E
:10512000FFF7B0FF00211420FFF7ACFF0021AF20F4
:10513000FFF7A8FF00BD00B500218D20FFF7A2FFFB
:1051400000211020FFF79EFF0021AE20FFF79AFFFD
:1051500000BD30B500240CE0002506E00020CC495D
:1051600001EBC5010855681CC5B2802DF6DB601C3B
:10517000C4B2082CF0DBFFF7ADFF30BDF0B514462C
:1051800000267F2801DC3F2900DDF0BD0B46CF174C
:1051900001EB5777FF10C7F10707FAB2CF1701EB02
:1051A0005777FF10A1EBC707FDB2C5F10707012331
:1051B000BB40DEB24CB1B64B03EBC0039B5C334348
:1051C000B34F07EBC007BB5408E0B14B03EBC00380
:1051D0009B5CB343AE4F07EBC007BB5400BFD4E7A3
:1051E0002DE9F04F80460C4615461E46A346A5F114
:1051F0002000C5B200273EE00C2E07D105EB45008C
:10520000A44901EB800010F8079004E0A24800EBED
:10521000051010F807904FF0000A26E009F0800012
:1052200028B121464046099AFFF7A8FF09E00998EE
:1052300008B9012000E00020024621464046FFF761
:105240009DFF4FEA49604FEA1069601CC4B2A4EBAD
:105250000B00B04205D15C4608F1010000F0FF08E8
:1052600006E00AF1010000F0FF0ABAF1080FD5DBF1
:1052700000BF781CC7B2B742BEDBBDE8F08F10B5E7
:105280000246012000E050430B1EA1F10104E1B2EF
:10529000F9D110BD2DE9FF4F81B0074691461E465A
:1052A0000E9D4FF0000A002439E0301B401EC1B2B1
:1052B0000A20FFF7E4FFB9FBF0F00A21B0FBF1F29E
:1052C00001FB1208BAF1000F16D1701EA04213DDC7
:1052D000B8F1000F0ED10120AB4605EBDB71491090
:1052E00001FB04710090C8B22B4620220299FFF7FF
:1052F00077FF12E04FF0010A0120AB4605EBDB71AE
:10530000491001FB04710090C8B208F13001CAB223
:105310002B460299FFF764FF00BF601CC4B2B44281
:10532000C3DB05B0BDE8F08F78B505460E461446E0
:1053300018E07A2D03DD002506F11000C6B23A2EE2
:1053400004DD002005460646FFF703FF012000901C
:1053500022780C2331462846FFF742FF05F108006A
:10536000C5B2641C20780028E3D178BD08B50220BE
:10537000FFF738F80120FFF735F801211820FDF775
:1053800025FE01210820FDF721FE4FF48040ADF8F5
:10539000000010208DF8030003208DF802006946FC
:1053A0003E48FDF757FB2020ADF8000010208DF897
:1053B000030003208DF8020069463948FDF74AFBD7
:1053C0001020ADF800008DF8030003208DF80200D6
:1053D00069463348FDF73EFB0820ADF80000102079
:1053E0008DF8030003208DF8020069462C48FDF774
:1053F00031FB00202449091D08606420FFF742FAB0
:1054000001202849C1F890010021AE20FFF73AFEA3
:105410000021D520FFF736FE00215020FFF732FE95
:105420000021A820FFF72EFE00213F20FFF72AFED3
:105430000021D320FFF726FE00210846FFF722FEB9
:1054400000214020FFF71EFE00218D20FFF71AFEED
:1054500000211420FFF716FE00212020FFF712FE86
:1054600000210220FFF70EFE0021A120FFF70AFE17
:105470000021C020FFF706FE0021DA20FFF702FE20
:105480000021122010E000008C812142B80122424C
:10549000BC0300200014010874180108001001402A
:1054A000000C014000802142FFF7ECFD002181202B
:1054B000FFF7E8FD0021EF20FFF7E4FD0021D920F0
:1054C000FFF7E0FD0021F120FFF7DCFD0021DB20EC
:1054D000FFF7D8FD00213020FFF7D4FD0021A420E4
:1054E000FFF7D0FD0021A620FFF7CCFD0021AF2063
:1054F000FFF7C8FDFFF72DFE08BD10B50021002203
:10550000C306190E0CE0002206E00023074C04EB52
:10551000C2046354531CDAB2802AF6DB4B1CD9B2A6
:10552000431CB1EBC30FEEDB10BD0000BC03002039
:1055300008B501211820FDF749FDC020ADF8000095
:1055400004208DF8030069466A48FDF783FAC020FD
:10555000ADF8000004208DF8030069466648FDF7A9
:1055600079FA08BD08B51E208DF8000001208DF8DD
:1055700003008DF8010003208DF802006846FCF757
:10558000EAFE2C208DF8000001208DF803008DF834
:10559000010003208DF802006846FCF7DCFE08BD20
:1055A00000B587B001210420FDF71DFD012148034E
:1055B000FDF70CFD04A8FEF76DF90020ADF8100012
:1055C0004FF6FF70ADF814000020ADF81600ADF8EE
:1055D000120004A94948FDF731FE04A94848FDF727
:1055E0002DFE00231A4603214448FEF736FA01A88F
:1055F000FEF763F90A20ADF80C0001A93F48FEF759
:10560000B0F801213D48FEF73BFC012211463B4822
:10561000FEF78BF901213948FEF76CF900231A4691
:1056200003213748FEF719FA01A8FEF746F90A20C8
:10563000ADF80C0001A93248FEF793F8012130487B
:10564000FEF71EFC012211462D48FEF76EF90121DE
:105650002B48FEF74FF907B000BD10B5FFF768FF04
:10566000FFF780FFFFF79CFF10BD0146022906D01F
:1056700003290DD0042912D0082922D118E04FF0B7
:105680008042928C10B200224FF080439A841AE03C
:105690001C4A128810B200221A4B1A8013E0174AD3
:1056A0002432128810B20022144B24331A800AE0EC
:1056B000134A2432128810B20022114B24331A806C
:1056C00001E0002000BF00BF704710B501210B486A
:1056D000FEF7CDFB01210948FEF7E6FB10BD10B532
:1056E00001210748FEF7C3FB01210548FEF7DCFB5B
:1056F00010BD0000000C01400010014000080040F7
:10570000003401402404004008B501211820FDF7B1
:105710005DFC01211020FDF759FC48208DF80300A5
:105720004FF48070ADF800006946F948FDF792F932
:1057300010208DF803004001ADF8000003208DF823
:1057400002006946F348FDF785F910208DF8030043
:10575000ADF8000003208DF802006946ED48FDF722
:1057600079F910208DF803000001ADF80000032046
:105770008DF802006946E748FDF76CF908BD38B5B9
:105780000446012000900020E34948700120009069
:105790002EE0BDF80000204018B10120DF4908606C
:1057A00002E00020DD4908600120DC49091F086093
:1057B0000520FFF747F80020D949C1F8A0010520CE
:1057C000FFF740F80120D649C1F8A001D548D0F82C
:1057D000200130B1D0484078BDF800100843CE49D0
:1057E0004870BDF800004FF6FF7101EA40000090DC
:1057F000BDF80000FF28CCDD1020FFF723F838BDEE
:1058000010B50020C54914390860C7490878FFF76A
:10581000B6FFC5494878FFF7B2FF0120C049C1F87B
:105820009001BD484078732801D1002010BD0120AF
:10583000FCE71CB500200190012000900020B74932
:1058400014390860B8490878FFF799FFB6494878D5
:10585000FFF795FF0220019036E00120009027E03D
:105860000120AE49091F08600520FEF7EBFF00206C
:10587000AB49C1F8A0010520FEF7E4FF0120A849CB
:10588000C1F8A001A748D0F8200150B1A2489DF866
:105890000410405CBDF8001008439F499DF80420A7
:1058A0008854BDF800004FF6FF7101EA40000090F7
:1058B000BDF80000FF28D3DD1020FEF7C3FF9DF8E0
:1058C0000400401CC0B201909DF804000928C4DB0C
:1058D00001209249143908601CBD002004E0002119
:1058E0008D4A1154411CC8B20928F8DB704710B525
:1058F000FFF7F3FFFFF79DFF8748C07886490979D6
:1059000040EA01208949088000240FE0884810F807
:105910001400401E012101FA00F084490988084062
:1059200010B9601CC0B210BD601CC4B2102CEDDBFD
:105930000020F8E701467848405C704770B505469E
:105940000C4600207549143908601020FEF77AFFD4
:105950000120FFF714FF4220FFF711FF0020FFF79F
:105960000EFF2846FFF70BFF2046FFF708FF002039
:10597000FFF705FF0020FFF702FF0020FFF7FFFE03
:105980000020FFF7FCFE01206549C1F890011020BE
:10599000FEF758FF70BD10B500206049143908604B
:1059A0001020FEF74FFF0120FFF7E9FE4220FFF72E
:1059B000E6FE0020FFF7E3FE0020FFF7E0FE0020F8
:1059C000FFF7DDFE01205649C1F890011020FEF7D7
:1059D00039FF10BD10B5002050491439086010205F
:1059E000FEF730FF0120FFF7CAFE4320FFF7C7FE96
:1059F0000020FFF7C4FE0120FFF7C1FE0020FFF7E3
:105A0000BEFE0020FFF7BBFE0020FFF7B8FE00201F
:105A1000FFF7B5FE0020FFF7B2FE01204049C1F8B4
:105A200090011020FEF70EFF10BD10B500203B497D
:105A3000143908600120FFF7A2FE4420FFF79FFE03
:105A40000020FFF79CFE0120FFF799FE0320FFF7DF
:105A500096FE0020FFF793FE0020FFF790FE002047
:105A6000FFF78DFE0020FFF78AFE01202C49C1F8C8
:105A700090011020FEF7E6FE10BD10B5002027496A
:105A8000143908601020FEF7DDFE0120FFF777FED5
:105A90004D20FFF774FE0020FFF771FE0020FFF796
:105AA0006EFE0120FFF76BFE01201D49C1F8900139
:105AB0001020FEF7C7FE10BD10B50020174914399D
:105AC00008601020FEF7BEFE0120FFF758FE4320BD
:105AD000FFF755FE0020FFF752FE0020FFF74FFEB4
:105AE0005A20FFF74CFE5A20FFF749FE5A20FFF7D5
:105AF00046FE5A20FFF743FE5A20FFF740FE0120E2
:105B00000749C1F890011020FEF79CFE10BD00006F
:105B1000000C014000100140BC070020A4012242FB
:105B200000002242008021426E0000206C00002014
:105B30007000002010B5FFF72EFFFFF72CFFFFF7D6
:105B40002AFFFFF747FFFFF770FFFFF7B5FF10BD14
:105B500010B5FFF7CCFE214908600720FFF7EAFEE9
:105B60001F4908600820FFF7E5FE1E490860052070
:105B7000FFF7E0FE1C4908600620FFF7DBFE1B492B
:105B8000086016480068042805D11948007810B943
:105B900001201849086017480068F0B111480068F2
:105BA00076281ADA12480078B8B90120104908702E
:105BB00000201149087011490870114908701148F6
:105BC0001149086011480078012803D11048114993
:105BD000086002E00E480F49086010BDA0000020D8
:105BE0009000002094000020980000209C000020DD
:105BF0002D000020A40000202E0000202F000020F7
:105C0000300000200000AF43C00000203100002021
:105C1000DB0F493FC400002030B503461C788C548C
:105C20005D78541C0D559D78941C0D55DD78D41C61
:105C30000D5530BD13B50C460A2C00DC04B91CBD53
:105C40000B2C43D2DFE804F042060C12181E242A63
:105C500030363C00012244496846FFF7DDFF35E05D
:105C6000052241496846FFF7D7FF2FE009223E4948
:105C70006846FFF7D1FF29E00D223B496846FFF750
:105C8000CBFF23E0112238496846FFF7C5FF1DE02E
:105C9000152235496846FFF7BFFF17E01922324940
:105CA0006846FFF7B9FF11E01D222F496846FFF74C
:105CB000B3FF0BE021222C496846FFF7ADFF05E05A
:105CC000252229496846FFF7A7FF00BF00BF00BF94
:105CD000B5E701460A2900DC09B9002070472420F5
:105CE000214A10700B293CD2DFE801F03B060B1073
:105CF000151A1F24292F350005201B4A5071062034
:105D0000ECE70920184A50720A20E7E70D20164AEE
:105D100050730E20E2E71120134A50741220DDE781
:105D20001520114A50751620D8E719200E4A5076D2
:105D30001A20D3E71D200C4A50771E20CEE72120E1
:105D4000094A82F821002220C8E72520064A82F865
:105D500025002620C2E72920034A82F829002A20AC
:105D6000BCE70020BAE70000C507002010B50246D6
:105D70000B460020012B08D1002104E0FE4C645C9E
:105D800060404C1CE1B29142F8DB43B9002104E0D1
:105D9000FA4C645C60404C1CE1B29142F8DB10BDEF
:105DA0002DE9F0477B20F44908767D21F24880F800
:105DB0002E10F3480078002837D0012804D002289C
:105DC00064D0032830D192E0EE4A1168EE4A1068A0
:105DD00009F070F906464FF0804109F0F5F90446E4
:105DE000EA4909F0BFF9054609F0E0FB01B2E248D3
:105DF000418300218183E44A1168E24A106809F076
:105E0000ABF9824609F01EFC8046E14AE14B09F0FD
:105E100032FB06460022E04B09F0BBFA044609F0CB
:105E2000F2FB01B2D448C18392E0D64A1168D64A47
:105E3000106809F03FF906464FF0804109F0C4F9B7
:105E40000546D24909F08EF9044609F0AFFB01B2CC
:105E5000C948418300218183CB4A1168C94A10682F
:105E600009F07AF9824609F0EDFB8046CB4ACC4B2B
:105E700009F001FB06460022C74B09F08AFA0446E6
:105E800009F0C1FB01B2BC48C18361E0BD4A1168A1
:105E9000BD4A106809F00EF906464FF0804109F03E
:105EA00093F90446B94909F05DF9054609F07EFB0E
:105EB00001B2B148418300218183B34A1168B14ADC
:105EC000106809F049F9824609F0BCFB8046B54AE2
:105ED000B54B09F0D0FA06460022AF4B09F059FA4B
:105EE000044609F090FB01B2A348C18330E0A54A03
:105EF0001168A54A106809F0DDF806464FF08041A8
:105F000009F062F90546A14909F02CF9044609F0A7
:105F10004DFB01B298484183002181839A4A116860
:105F2000984A106809F018F9824609F08BFB06467A
:105F30009E4A9F4B09F09FFA80460022964B09F03B
:105F400028FA044609F05FFB01B28B48C18300BF09
:105F500000BF9848B0F900108748418496480088EF
:105F6000404201B2844881849448B0F900108248CC
:105F7000C1849348B0F900107F480185914800889A
:105F8000404201B27C4841858F48007828B98F484B
:105F9000B0F900107848818502E0002176488185BB
:105FA0008B4800884FF47A71484301B272480184EB
:105FB000007E714908708448007848700846408B1C
:105FC000000A88700846807EC8700846808B000AE8
:105FD00008710846007F48710846C08B000A887126
:105FE0000846807FC8710846408C000A087208463F
:105FF00090F8220048720846808C000A8872084691
:1060000090F82400C8720846C08C000A087308463D
:1060100090F8260048730846008D000A88730846E9
:1060200090F82800C8730846408D000A0874084696
:1060300090F82A0048740846808D000A8874084643
:1060400090F82C00C8740846008C000A08750846B1
:1060500090F82000487501211620FFF787FE464979
:106060008875084690F82E00C875BDE8F087594934
:10607000088000BF5749091F098801F04001002925
:10608000F8D0704700B5002200BF05E03A49885CAF
:10609000FFF7EDFF501CC2B2182AF7DB00BD2DE957
:1060A000F0470446894609EB042108B209F060FA7A
:1060B00007460022384B09F0DEF9054609F006FBD9
:1060C00082465046BDE8F08710B5044600212046C0
:1060D00009F022FB01D8204610BD84F00040FBE708
:1060E0002DE9F34F85B08B463B480290002158467E
:1060F00009F008FB7ED00021059809F003FB79D058
:106100005946059809F060F80546FFF7DDFF04469B
:10611000029909F0F7FA17D80021584609F0FCFA5D
:1061200008D20598FFF7D0FF0446029909F04CF811
:10613000834609E00598FFF7C7FF80F0004420463A
:10614000029909F041F883465946059809F03CF850
:106150000390039809F076FA06460D4A1F4B09F0A2
:1061600071F802460B46CDE900014FF000401C4992
:1061700009F081F9044636E0F007002020080020ED
:1061800031000020500800204008002000007A4420
:1061900023DBF97E6ABCC43F00408F400E2DB29DC8
:1061A000EFA7C63F48E17A14AE47C13F6DE7FBA9B0
:1061B000F1D2CD3FE8000020EC000020EA000020F2
:1061C000F6000020F20000202C000020F400002047
:1061D0002A000020043801403333B33E6ABCB43F88
:1061E000976EC23F06E00AF0E9F9804609F06EFAC0
:1061F000824601E04FF0000A504607B0BDE8F08F3C
:1062000070B540F225513848FEF712F8002869D0E1
:1062100040F225513448FEF735F83348FDF788FF42
:10622000C4B2012031490870002031490870314959
:1062300008703149087031483149097844547B2C41
:1062400003D02F480078002805DD2D480078401C39
:106250002B49087002E0002029490870284800787E
:106260000B283FD10020264908702448807A7D28D9
:1062700038D100210920FFF779FD2049497A884269
:1062800030D11E4A1179D078FFF709FF1D49086007
:106290001A4A117AD079FFF702FF05461A480078AA
:1062A00001280FD1294617480068FFF719FF174941
:1062B0000860174A17491548006800F0F0F81349BC
:1062C00008600EE00D4A117AD079FFF7E8FE0F4919
:1062D00008600F4A0F490D48006800F0E0F80B49CC
:1062E000086000BF002070BD003801402F00002072
:1062F0002E0000202D00002030000020200800206B
:10630000AC000020B000002031000020B4000020CC
:10631000920A863F920A86BF2DE9F04105460E4655
:1063200014462F463146384609F0F6F900D2374672
:106330002146384609F0E6F900D227463846BDE83E
:10634000F0812DE9F04705460027012408E0FE48CA
:1063500050F82410601EFC4A42F82010601CC4B2A1
:106360000A2CF4DBF8484562002408E0F64850F8AF
:106370002410384608F09EFE0746601CC4B20A2C62
:10638000F4DBF249384608F01FFF814609F00EF9A8
:10639000804609F0DFF806463046BDE8F0872DE973
:1063A000F04705460027012408E0E94850F824108A
:1063B000601EE74A42F82010601CC4B20A2CF4DBCD
:1063C000E3484562002408E0E14850F824103846CC
:1063D00008F070FE0746601CC4B20A2CF4DBDB49EF
:1063E000384608F0F1FE814609F0E0F8804609F0F1
:1063F000B1F806463046BDE8F08710B5D54A916839
:10640000106802F04DFE044609F0A4F8D149486036
:10641000D14A9168106802F076FE044609F09AF8B5
:10642000CD494860CD48007818B1CC48007807289D
:106430000BD1C8494868FFF7B2FFC6494860C64952
:106440004868FFF77EFFC4494860C249C44A4868AB
:10645000C449FFF761FFBF494860BF49C04A486867
:10646000C049FFF759FFBC49486010BD10B5002472
:10647000BD480068BD490870BD480088B0F57A7F06
:1064800004DA3220FEF776F9012402E0C820FEF794
:1064900071F9B648007800B10124204610BD70B5EE
:1064A00006460D4614462946304609F02BF901D21E
:1064B000284670BD2146304609F02EF901D220460B
:1064C000F7E73046F5E703468B4201DA08467047A6
:1064D000934201DD1046FAE71846F8E72DE9FF5F21
:1064E00005460E460027B846B946BA46FA2003903C
:1064F0004FF4AF7002909F480078012803D14FF409
:10650000C870029006E09B480078032802D14FF43F
:10651000FA700290002472E004EB4401964A02EB08
:106520004101D1F80200954909F0F6F80AD304EBCD
:106530004401914A02EB4101D1F80200904909F06F
:10654000E1F85BD204EB44008B4901EB400000888A
:10655000002853DD04EB440001EB40000188029861
:1065600081424BDA781CC7B204EB4401824A02EB49
:106570004101D1F80200824909F0C4F812D248461C
:1065800008F0E8FF019004EB44007B4A02EB400076
:10659000D0F80210019808F08DFD834609F006F846
:1065A000814620E004EB4401734A02EB4101D1F83B
:1065B0000200724909F0B0F815D204EB44016E4AAA
:1065C00002EB4101D1F802006E4908F0C5FD0190CF
:1065D000404608F0BFFF0090019908F06BFD83462C
:1065E00008F0E4FF804604EB4400634901EB4000FF
:1065F00001880398814201DA0AF1010A641C6248A9
:106600000068844288DB082F34DB0021286809F009
:1066100083F82FD2BAF1040F08DB5C49286808F030
:10662000A1FD286000205A49086023E009EB08001A
:10663000002810DD4FF07C51286808F093FD286099
:106640004C480078012802D15248306012E04FF0E7
:106650007E5030600EE04FF07C51286808F082FDDB
:10666000286044480078012802D14B48306001E09E
:106670004A483060BDE8FF9F2DE9F34F8DB0484C8C
:106680003648007850B947480068012806D1464886
:10669000007818B10EA90DA8FFF720FF434A44491E
:1066A00044480068FFF7FBFE42490860424A4349FC
:1066B00037480068FFF7F3FE354908602D48007839
:1066C00001283FD13E480C900E9E304608F0BAFF9C
:1066D000CDE908010AF062FE02460B46CDE90A0147
:1066E0004FF00040374908F0C6FE0746364A374BA0
:1066F00008F049FE824608F0E9FF0546344A35496C
:106700003046FFF7CCFE06460021304608F0FAFF7F
:1067100069D03149284608F01FFD80460D9908F0E0
:1067200021FD0746294608F04FFD0A4988602A499D
:10673000284608F0BFFC80460D9908F013FD074677
:1067400029464BE0C3E04EE08808002000002041CD
:10675000600800204008002050080020C8000020E9
:1067600000A0D7C500A0D745340122422C0000204C
:106770002A00002031000020BA12002000009643B9
:10678000000070420000B44344000020000040BFFD
:10679000B4000020C3B8323FC3B832BF000080BF8E
:1067A0000000604054000020410000209A99993F69
:1067B0009A9999BFB0000020920A863F920A86BF3C
:1067C000AE271F44976EC23F23DBF97E6ABCB43FFD
:1067D0000AD7A33E0AD7A3BE54E3A53D08F0F4FCB4
:1067E000FE49886005E0FE490D988860FB490D98D8
:1067F00088603146FB4808F0B5FC074608F022FFE8
:10680000CDE90601304608F01DFF074600224FF093
:1068100080430AF0B1F882460022F34B08F0B9FD3C
:10682000CDE90201304608F00DFF07460022EF4B8C
:106830000AF0A2F882464FF00042ED4B08F0A9FDA5
:10684000CDE90001DDE9022308F0FCFCCDE90401FB
:10685000DDE9062308F097FD0022E64BCDE90801AB
:1068600008F0F0FCCDE90A0108F030FF8146E2496A
:10687000484608F071FC82460C9908F073FC80468B
:10688000DE4908F017FC074608F090FEDC49086076
:1068900084F00047D249224688683946FFF7FFFD59
:1068A000CF49886084F00047CC4922468868394641
:1068B000FFF7F5FDC949886040F698024FF448712A
:1068C000CF480068FFF7FFFDCD490860CDE0CD4817
:1068D0000078002840D100210D9808F013FF04D261
:1068E0000E9880F000400E9001E00E980E90C64881
:1068F00001680E9808F036FC06464FF0804108F01B
:1069000063FC05460D9908F02AFCB5498860BE482D
:1069100001680E9808F026FC06464FF0804108F00A
:1069200053FC05460D9908F0C5FBAC49886084F01E
:106930000045AB49224688682946FFF7B0FDA849C3
:10694000886084F00045A549224688682946FFF7FB
:10695000A6FDA249886088E0AA480078022840D1B4
:1069600000210D9808F0CEFE04D20E9880F0004071
:106970000E9001E00E980E90A34801680E9808F062
:10698000F1FB06464FF0804108F01EFC05460D99CC
:1069900008F0E5FB924988609B4801680E9808F072
:1069A000E1FB06464FF0804108F00EFC05460D99CC
:1069B00008F080FB8949886084F0004588492246B8
:1069C00088682946FFF76BFD8549886084F000459B
:1069D0008249224688682946FFF761FD7F49886021
:1069E00043E08848007803283FD100210D9808F043
:1069F00089FE04D20E9880F000400E9001E00E98BF
:106A00000E90814801680E9808F0ACFB06464FF0E6
:106A1000804108F0D9FB05460D9908F0A0FB7049AC
:106A20008860794801680E9808F09CFB06464FF094
:106A3000804108F0C9FB05460D9908F03BFB67490A
:106A4000886084F000456649224688682946FFF739
:106A500026FD6349886084F00045604922468868C5
:106A60002946FFF71CFD5D4988600FB0BDE8F08F37
:106A700070B5002437E004EB4401644A02EB4101A5
:106A8000D1F80200624908F047FE2BD204EB440122
:106A90005E4A02EB4101D1F802005E4908F032FE85
:106AA00020D25D48006860B904EB4400574901EB0F
:106AB000400000885949086057480068401C564902
:106AC000086004EB4400514901EB40000188534841
:106AD00000686430814205D204EB44004B4901EB6D
:106AE00040000588641C4E4800688442C3DB4FF0B8
:106AF0007A504C4908604948006808F034FD044663
:106B0000284608F030FD0646214602F02FFB80F0B3
:106B10000040454908603B480078012808D1434AB5
:106B2000434941480068FFF7BAFC3F4908600AE062
:106B30003448007838B93F4A3F493B480068FFF77E
:106B4000AEFC3949086070BD2DE9F04100264FF6D2
:106B5000FF75002425E004EB44002C4901EB4000C4
:106B6000008864281CDD04EB440001EB4000008831
:106B7000B0F5C86F14DA761C04EB440001EB40005A
:106B80000088A8420CDA04EB440001EB40000588C1
:106B900004EB440001EB4000D0F8020027490860F4
:106BA000641C1F4800688442D5DB254923480068DF
:106BB00008F0B2FD06D223492048006808F0CCFA5C
:106BC0001E490860204801681C48006808F0C4FAA3
:106BD00007461E4908F0A0FD45D339E050080020C3
:106BE00040080020E5D0E23FD34DF43F00000840CC
:106BF0009318E4BF022BF93F4C37C93F0080BB44D8
:106C0000CC0000203100002038000020BA12002003
:106C100000009A4200009E42140100201001002052
:106C200044000020B0000020B4000020DB0F493FEA
:106C3000DB0F49BF7CD9203F7CD920BF0401002055
:106C4000000034430000B44308010020000020414C
:106C5000FE480168FE48006808F07EFA0746FD49D4
:106C600008F050FD0ED2FC480078401CC0B2FA4932
:106C700008703C280DD100200870F5480068F349E1
:106C8000086006E00020F4490870F1480068EF4908
:106C90000860062E12DAF1480088282804DAEF4846
:106CA0000088401CED490880EC48008828286FDBEC
:106CB0000020EB490860EB49086069E00020E749E3
:106CC0000880E9480078012838D1E849E0480068A0
:106CD00008F022FD05D2E649DD48006808F012FD03
:106CE0000BD3E449DA48006808F016FD15D2E249F2
:106CF000D748006808F006FD0FD2B5F5FA7F0CDA28
:106D0000DE48D74908600021D048006802F014FB33
:106D100080F00040D34908603AE0284608F023FCA0
:106D20000746D74902F03DFCCD4908600021C7481D
:106D3000006802F001FBCB49086029E0D149C44852
:106D4000006808F0E9FC05D3CF49C148006808F0A5
:106D5000D9FC0DD2B5F5C87F0ADDBC480168CB4827
:106D600008F000FABF4908600020BD4908600FE044
:106D7000284608F0F8FB0746C14902F012FCB84962
:106D800008600021B148006802F0D6FAB5490860F1
:106D9000BF4AC049B3480068FFF781FBB1490860AA
:106DA000BD4ABE49AE480068FFF779FBAC490860B0
:106DB000BDE8F0812DE9F04F85B000240026A14602
:106DC00000254FF4AF700490A7480078012803D144
:106DD0004FF4C870049006E0A3480078032802D15D
:106DE0004FF4FA700490002463E004EB4401AC4AD1
:106DF00002EB4101D1F80200AA4908F08DFC0AD348
:106E000004EB4401A64A02EB4101D1F802009D497E
:106E100008F078FC4CD204EB4400A14901EB40009F
:106E20000088002844DD04EB440001EB40000188A9
:106E3000049881423CDA701CC6B204EB4401984AC3
:106E400002EB4101D1F802008E4908F05BFC0BD245
:106E500004EB4400924A02EB4000D0F8021048468E
:106E600008F028F9814619E004EB44018C4A02EB52
:106E70004101D1F802008B4908F04EFC0ED204EB20
:106E80004401874A02EB4101D1F80200864908F02B
:106E900063F90746494608F00DF9814604EB4400C2
:106EA0007F4901EB40000088C82801DA681CC5B2A0
:106EB000641C7E480068844297DB082E20DA68480C
:106EC000006808F0BFFB0746794A7A4B08F0BAF928
:106ED000CDE9000108F0FAFB61498246086008F03C
:106EE000B1FB4FF03332744BCDE9020108F0D6FB11
:106EF00002D872485A49086000205A49086087E061
:106F000059480078012831D1082D06DD6C485449D4
:106F100008600020534908607AE05148006808F092
:106F200091FB0746624A634B08F02DFACDE9000158
:106F300008F0CCFB4A490860039008F083FB8246C6
:106F40004FF033325F4B08F091FB02D85E48444962
:106F500008600021484608F0DFFB03D25B48414946
:106F6000086055E05A483F49086051E0082D06DDA9
:106F700053483B49086000203A49086048E03848D7
:106F8000006808F05FFB0746494A4A4B08F0FBF9E6
:106F9000824608F09BFB32490860019008F052FBE2
:106FA0004FF03332474BCDE9020108F05FFB02D8C6
:106FB00045482B4908600021484608F0ADFB12D235
:106FC0002948007818B943482649086020E0264837
:106FD0000078022803D13F482249086018E03D4864
:106FE0002049086014E02048007820B94FF07E5016
:106FF0001C4908600CE01C480078022804D14FF0BE
:107000007E501849086003E04FF07E501549086033
:107010001448006880F000401249086005B0BDE8DF
:10702000F08F2DE9FC5F64244FF4AF7001904FF4B2
:10703000FA62511028480068FFF745FA26490860AF
:107040004FF4FA6251102548006849E00801002019
:1070500004010020000020C10C01002002010020DA
:10706000B0000020B400002031000020000070417A
:1070700000003443000034C3000070C1CDCC4CBECE
:107080000000C84300004842000048C2211FF4BC71
:10709000920A063F920A06BFCDCCCC3ECDCCCCBEE8
:1070A000BA12002000009B430000B44344000020BB
:1070B0009A9999999999B93F3333D33F9A99993EBF
:1070C0009A9999BE3333C33F9A99193E7CD920BF10
:1070D0007CD9203F000080BF84020020880200206D
:1070E000FFF7F1F9F749086008460068A0F2DC599B
:1070F000F5480068A0F2DC5A6042814503DDA145F5
:1071000001DA4FF000096042824503DDA24501DA51
:107110004FF0000A484608F01DFAEC490860CAF131
:10712000000008F017FAEA490860E848006808F02B
:1071300089FA0746E74AE84B08F02BF9054608F0BC
:10714000C5FAE2490860E5480078012812D1E4490F
:10715000DF48006808F006F8834608F073FA054631
:107160000022E04B08F087F9074608F0AFFAD8494B
:10717000086016E04FF08041D548006807F0F2FF44
:10718000D949009007F0EEFF834608F05BFA054608
:107190000022D44B08F06FF9074608F097FACC4963
:1071A0000860D249C948006808F00EF8C74908606D
:1071B000CF480078002808DD00200860C449086036
:1071C000CB480078401ECA490870BDE8FC9F2DE9F5
:1071D000F05F1424C7480068C0F18009C648006801
:1071E000C0F1800A6042814503DDA14501DA4FF01C
:1071F00000096042824503DDA24501DA4FF0000A32
:10720000484608F0A7F905464FF08641BB4800689C
:1072100007F0DAFF0646294607F0A4FFAB490860ED
:10722000AE480078012809D1504608F093F9054688
:10723000B34907F097FFA649086028E00021A3485A
:10724000006808F069FA12D8504608F083F906463B
:107250004FF08641AB48006807F0B6FF80F000456C
:107260003146284607F07EFF994908600FE05046F6
:1072700008F070F905464FF08641A248006807F013
:10728000A3FF0646294607F06DFF914908609E4816
:1072900000680B2838D19D480078401CC0B29B493B
:1072A000087014286FD1002097490860974908702A
:1072B00097499248006807F0FDFE9049054608602E
:1072C000944908F029FA02D292488C490860834810
:1072D0000078012857D08B48006808F0B3F90746BA
:1072E0008D4A8E4B07F0AEFF054608F0EFF9854951
:1072F000834608604FF07E5108F00EFA43D24FF0FB
:107300007E50804908603EE07F4800680C2836D1F6
:1073100083480078401CC0B281490870142832D1DB
:107320000020794908607E490870794973480068EF
:1073300007F012FF7149054608607A4908F0E2F942
:1073400002D278486D4908606448007801281AD054
:107350006C48006808F076F905466F4A6F4B08F0F4
:1073600012F8074608F0B2F96649834608606E498C
:1073700008F0C8F907D26C486249086003E00020B1
:1073800067490870087059495048006807F01CFFA9
:107390004E4908604E48006880F000404C49086043
:1073A000BDE8F09F10B56148007828B90020474932
:1073B00008604749086068E05C480078012807D108
:1073C0004E480068414908600020414908605CE07F
:1073D00056480078022807D1484800683B490860B1
:1073E00053483B49086050E050480078032806D1D4
:1073F0000020364908604E483549086045E04B4852
:107400000078042809D13D48006880F000402F49E9
:10741000086047482E49086037E04448007805284E
:1074200009D13648006880F00040284908600020F3
:107430002749086029E03D480078062809D12F48EF
:10744000006880F00040214908603A4820490860FF
:107450001BE036480078072806D100201B49086049
:1074600034481B49086010E030480078082807D1EC
:1074700022480068154908602E481549086004E054
:107480000020124908601249086014480078012859
:107490000AD181070E48006807F064FE04462649B9
:1074A00007F092FE0A49086010490848006807F092
:1074B0008BFE064908600648006880F000400449D9
:1074C000086010BD8802002084020020B000002067
:1074D000B4000020CDCCCCCCCCCCF43F310000208B
:1074E000DB0FC93E00E07540DB0F493F00007A44E6
:1074F000180100209400002098000020C000002007
:10750000920A86BBC4000020A0000020FF000020DB
:107510000000C841000048449A9999999999B93F47
:1075200000010020000052437CD9203E1D010020B4
:10753000DB0FC93FDB0FC9BF000020412DE9FF472A
:107540008246BAF1010F02D107F036F80CE144216E
:10755000D02006F008FD04464321D02006F003FDAC
:1075600004EB002000B2FB4908804621D02006F041
:10757000FAFC04464521D02006F0F5FC04EB00207F
:1075800000B2F54908804821D02006F0ECFC044602
:107590004721D02006F0E7FC04EB002000B2EF49C1
:1075A00008803C21D02006F0DEFC04463B21D020A0
:1075B00006F0D9FC04EB002000B2E94908803E2126
:1075C000D02006F0D0FC04463D21D02006F0CBFCB4
:1075D00004EB002000B2E34908804021D02006F0EF
:1075E000C2FC04463F21D02006F0BDFC04EB002085
:1075F00000B2DD4908800846B0F9000007F0B8FF86
:10760000CDE90001D748B0F9000007F0B1FF064608
:10761000DDE9002309F0E2F80022D44BCDE90201B4
:1076200007F0B7FE04464FF0C042D14B07F023FFEE
:10763000804607F0E8FF00B2CE490880CA48B0F99A
:10764000000007F095FFCDE90001C548B0F9000042
:1076500007F08EFF0646DDE9002309F0BFF88046FB
:107660000022C24B07F095FE04464FF0C042C04BCB
:1076700007F001FFCDE9020107F0C5FF00B2BE49E6
:107680000880B448B0F9000007F072FF04460022F9
:10769000BA4B07F0F0FE064607F0B5FF00B2AD4961
:1076A0000880AD48B0F9000007F062FF04460022F0
:1076B000B24B07F0E0FE064607F0A5FF00B2A64970
:1076C0000880BAF1020F26D1A248B0F9000007F0F5
:1076D00041FF0446A748B0F9000007F03BFF05460C
:1076E000214607F0C1F980F00040A54908609A489A
:1076F000B0F9000007F02EFF04469F48B0F90000E3
:1077000007F028FF0546214607F0EEFA80F000401A
:107710009C49086028E0BAF1030F25D18D48B0F9E3
:10772000000007F017FF04469248B0F9000007F088
:1077300011FF0546214607F0AEFA80F0004090495F
:1077400008608548B0F9000007F004FF04468A4845
:10775000B0F9000007F0FEFE0546214607F018FCD0
:1077600080F0004087490860BDE8FF872DE9F041BF
:107770000420FDF77AFF844908600820FDF775FFB3
:10778000814948608148007890B1012804D00228DE
:107790001AD0032830D123E07B49086807F0DAFECD
:1077A000054679494968484207F0D4FE064623E079
:1077B0007549086807F0CEFE054673494968484296
:1077C00007F0C8FE064617E06F49086807F0C2FEDA
:1077D00005466D494968484207F0BCFE06460BE085
:1077E0006949086807F0B6FE054667494968484296
:1077F00007F0B0FE064600BF00BF6549284607F007
:10780000B1FC074663480168384607F0ABFC044604
:10781000614907F0D9FC614908605D49304607F0CD
:10782000A1FC07465B480168384607F09BFC04460C
:10783000594907F0C9FC5A490860BDE8F08170B5A4
:1078400001215848FCF71FFB00286ED00121554844
:10785000FCF72AFBFFF78AFFFCF7E3FE52480078AB
:10786000A8B152480078401CC0B2504908700A289C
:1078700004D1002008704C49087008E04B4800789B
:107880000A2804DD00204949087047490870484823
:107890000078401CC0B246490870142806D1002068
:1078A00044490870424908704349086043480078D9
:1078B00030BB43480078401CC0B2414908700A28D8
:1078C00009D10220FFF73AFEFEF76AFAFEF7DAFB6B
:1078D00000203B4908703B480078012802D1FFF79F
:1078E00061FD7EE038480078012802D1FFF76FFC87
:1078F00077E036480078012873D1FFF792FB70E0FB
:107900002E480078012802D1FFF754FA69E02B488D
:107910000078022802D1FFF717F962E027480078C3
:10792000032803D1FFF7A4F85BE07FE02348007849
:10793000042802D103F069F953E025480078401C7F
:10794000C0B223490870042844D10020087003F015
:1079500030FB46E0F2000020F6000020F40000209A
:10796000EC000020E8000020EA00002000806640D3
:10797000FB210940EE000020F00000200060504094
:107980000403002008030020E00000203100002054
:1079900000004843340000200000C3444008002099
:1079A00050080020000C0040290000202800002082
:1079B000DD0000204100002054000020C80000200D
:1079C000DC0000202E0000202D00002030000020D0
:1079D000FE00002054480078042802DD00205249AF
:1079E00008705248016852480068FEF745FEFEF7ED
:1079F0003DFD10B9FEF701FD08E000204D4948604B
:107A00004D49486040F2DC504C4908604A4948689A
:107A100007F0CCFD06464748406880F00045284600
:107A200007F0C4FD04463146FDF7CDF9002070BDD6
:107A30004348007818B142480078012806D14148EF
:107A40004149086041484249086010E03C480078DC
:107A5000022806D13F483C4908603F483C4908603D
:107A600005E03E48384908603D483949086070479C
:107A700010B500202D49086002F06FFD39480088DC
:107A8000C8280FDA38492A48006807F065FB2849FA
:107A900004460860354907F035FE43D2334824498F
:107AA00008603FE02F480088B0F5877F15DD2D483E
:107AB000008840F2EE2188420FDA2B491C4800680A
:107AC00007F0F8FA1A4904460860294907F024FE2D
:107AD00028D227481649086024E00021144800688D
:107AE00007F01AFE0FD223491148006807F034FB53
:107AF0000F4904460860002107F004FE12D200205E
:107B00000B4908600EE01B490948006807F0D2FAEB
:107B1000074904460860002107F0FEFD02D200205C
:107B20000349086010BD0000FE000020B4000020E2
:107B3000B00000204008002050080020CC000020A9
:107B400031000020D589573E340000207D3F353E6E
:107B500038000020A3540A3E713D0A3E308C0D3E91
:107B60008D976E3E9C02002000004040000052C3F2
:107B7000000052430000A0410146002901DD0A46F1
:107B800000E04A4290B270472DE9F04106460D46AA
:107B9000174600243A4629463046FDF7EFFA3A46A2
:107BA00029463046FDF7EAFA00BF07E02819C1B2BE
:107BB0003A463046FDF7E2FA601CC4B2082CF5DB09
:107BC000BDE8F08170B5002410E0FD4830F81400E5
:107BD000FC490978884201DA012500E000252A469F
:107BE00000212046FFF7D0FF601CC4B2802CECDBE4
:107BF00070BD0EB54FF48061F34807F043FAF348C7
:107C0000007804287ED10C2004230090F048002145
:107C100002680846FDF73EFB0C2004230090ED4867
:107C2000002102681E20FDF735FB0C200423009084
:107C3000E948002102683C20FDF72CFB0C200423BE
:107C40000090E648002102685A20FDF723FBE4A2D9
:107C50000A210020FDF768FB0021E348006807F0D7
:107C600051FD05D2E1A20A213220FDF75DFB04E0BF
:107C7000DFA20A213220FDF757FBDB48006807F03E
:107C800095FC0190FFF778FF02900C2003230090F1
:107C90000A213C20029AFDF7FDFA0021D548006830
:107CA00007F030FD05D2D1A20A215E20FDF73CFB92
:107CB00004E0CFA20A215E20FDF736FBCD48006824
:107CC00007F074FC0190FFF757FF02900C2003238C
:107CD00000900A216A20029AFDF7DCFAC6A214215C
:107CE0000020FDF721FBC64840680021029007F004
:107CF00009FD14D2BDA214211E20FDF715FBC048BA
:107D0000406800E021E1019007F069FC02900C203E
:107D10000423009014212420029AFDF7BBFAB848EE
:107D200040680021029007F0F7FC12D8B0A214219D
:107D30001E20FDF7F9FAB2484068019007F04FFCA9
:107D400002900C200423009014212420029AFDF7B5
:107D5000A1FAACA214214220FDF7E6FAA8488068F7
:107D60000021029007F0CEFC04D2A0A214216220D0
:107D7000FDF7DAFAA24880680021029007F0CCFCF7
:107D800004D89BA214216220FDF7CEFA9C4880689B
:107D90009E49009007F0E6F9019007F020FC029060
:107DA0000C200423009014216820029AFDF772FA37
:107DB00097A21E210020FDF7B7FA974840680021DE
:107DC000029007F09FFC12D288A21E210846FDF700
:107DD000ABFA91484068019007F001FC02900C203A
:107DE000042300901E212420029AFDF753FA8A48AA
:107DF00040680021029007F08FFC12D87CA21E215F
:107E00000846FDF791FA84484068019007F0E7FBC7
:107E100002900C20042300901E212420029AFDF7DA
:107E200039FA7EA21E214220FDF77EFA7A48806848
:107E30000021029007F066FC04D26CA21E21622091
:107E4000FDF772FA744880680021029007F064FC24
:107E500004D867A21E216220FDF766FA6E4880688A
:107E60006A49009007F07EF9019007F0B8FB029094
:107E70000C20042300901E216820029AFDF70AFAC4
:107E800068A228210020FDF74FFA684800780128F1
:107E900005D167A228214120FDF746FA04E065A23A
:107EA00028214120FDF740FA63A232210020FDF78E
:107EB0003BFA63A232213620FDF736FA61A2322165
:107EC0004E20FDF731FA60480088642190FBF1F004
:107ED00002900C200223009032212820029AFDF704
:107EE000D9F9594800880A2190FBF1F090FBF1F292
:107EF00001FB120002900C200123009032213E2051
:107F0000029AFDF7C7F9504800880A2190FBF1F268
:107F100001FB120002900C20012300903221462028
:107F2000029AFDF7B7F94948007820B141A2322101
:107F30006920FDF7F9F945480078002804D13CA2F2
:107F400032216920FDF7F0F9DAE1204800780528B0
:107F500035D1FFF737FE3EA20A210020FDF7E4F9F4
:107F60003D48007800280FDA20A20A215A20FDF7A8
:107F7000DBF90C20032300903748007842420A21A5
:107F80006420FDF787F90DE019A20A215A20FDF7B8
:107F9000CBF90C20032300902F4802780A2164209B
:107FA000FDF778F92DA214210020FDF7BDF9054851
:107FB0000078002865DA0DA214215A2054E0A0E1CF
:107FC000F41C0020BD020020BC030020C8000020DB
:107FD000AC020020B0020020B4020020B802002051
:107FE0004D6F7665583A0000B00000202D0000006B
:107FF0002B000000B40000204C2D503A000000007F
:10800000400800204C2D453A0000000000007A4452
:10801000522D503A0000000050080020522D453AE1
:10802000000000004465746563743A00D0000020CD
:108030004F4E20004F464600454C452000000000B2
:108040002E000000560000002A0000202C00002016
:108050004D656469616E3A00BC0200205468726527
:1080600073686F6C643A0000FDF75EF90C2003231F
:108070000090FD480078424214216420FDF70AF97F
:108080000EE0AFF2940214215A20FDF74DF90C20B6
:1080900003230090F448027814216420FDF7FAF8D5
:1080A000AFF2AC021E210020FDF73EF9EF48406818
:1080B0000021029007F026FB13D2AFF2D0021E215E
:1080C0000846FDF731F9E9484068019007F087FA62
:1080D00002900C20042300901E212420029AFDF718
:1080E000D9F8E24840680021029007F015FB13D848
:1080F000AFF204121E210846FDF716F9DB4840686E
:10810000019007F06CFA02900C20042300901E21CD
:108110002420029AFDF7BEF8AFF218121E21422069
:10812000FDF702F9D14880680021029007F0EAFAD1
:1081300005D2AFF248121E216220FDF7F5F8CB48B8
:1081400080680021029007F0E7FA05D8AFF26012CC
:108150001E216220FDF7E8F8C4488068C4490090F9
:1081600007F000F8019007F03AFA02900C2004237F
:1081700000901E216820029AFDF78CF8AFF2701271
:1081800028210020FDF7D0F8BA484068002102906D
:1081900007F0B8FA13D2AFF2AC1228211E20FDF777
:1081A000C3F8B4484068019007F019FA02900C2017
:1081B0000423009028212420029AFDF76BF8AD4893
:1081C00040680021029007F0A7FA13D8AFF2E0123E
:1081D00028211E20FDF7A8F8A6484068019007F066
:1081E000FEF902900C200423009028212420029AFA
:1081F000FDF750F8AFF2DC1228214220FDF794F889
:108200009C4880680021029007F07CFA05D2AFF20A
:10821000242228216220FDF787F8964880680021F3
:10822000029007F079FA05D8AFF23C2228216220AB
:10823000FDF77AF88F4880688D49009006F092FF2C
:10824000019007F0CCF902900C2004230090282123
:108250006820029AFDF71EF887A232210020FDF760
:1082600063F8AFF2242232213620FDF75DF8AFF239
:108270002C2232214E20FDF757F8814800886421D6
:1082800090FBF1F002900C20022300903221282074
:10829000029AFCF7FFFF7A4800880A2190FBF1F070
:1082A00090FBF1F201FB120002900C2001230090E0
:1082B00032213E20029AFCF7EDFF714800880A2126
:1082C00090FBF1F201FB120002900C2001230090C0
:1082D00032214620029AFCF7DDFF6A48007828B177
:1082E000AFF2B02232216920FDF71EF86548007810
:1082F000002805D1AFF2C82232216920FDF714F819
:1083000022E361A200210846FDF70EF860480078DC
:1083100028B960A200213220FDF706F81CE05C4875
:108320000078012805D15DA200213220FCF7FCFF76
:1083300012E057480078022805D15AA200213220C5
:10834000FCF7F2FF08E052480078032804D157A256
:1083500000213220FCF7E8FF4D480078012807D0C3
:108360004B480078022803D04948007803280FD1F1
:1083700050480078012805D14FA20A210020FCF7BF
:10838000D3FF5CE04FA20A210020FCF7CDFF56E0AE
:108390003F480078002852D14D480078012818D174
:1083A0004CA20A210020FCF7BFFF4E4800680128BC
:1083B00008D14048007828B14BA20A216420FCF77C
:1083C000B3FF3CE0AFF294320A216420FCF7ACFF2B
:1083D00035E046480078012818D145A20A2100203E
:1083E000FCF7A2FF3F480068012808D13148007817
:1083F00028B13DA20A216420FCF796FF1FE0AFF2EE
:10840000CC320A216420FCF78FFF18E03C4800784A
:10841000012805D13BA20A210020FCF785FF0EE0D0
:108420003D480078012805D13CA20A210020FCF734
:108430007BFF04E03EA20A210020FCF775FF4148C3
:10844000007801280FD140A214210020FCF76CFF16
:1084500000213F48006807F055F97FD2AFF274421F
:108460001421322077E0ADE0BD020020400800205A
:1084700000007A44500800204343442000000000DC
:108480002A0000202C0000204D6F64653A00000097
:10849000C80000204E6F726D616C200041766F69DC
:1084A00064202000466F6C6C6F772000416C6F6E0B
:1084B00067202000410000205375636365737320BB
:1084C000202000004661696C757265202020000044
:1084D0002E00002041505020202041766F69643AE0
:1084E00000000000540000204F5F4E002D000020CF
:1084F00050533220202041766F69643A000000001A
:108500002F000020524F5320202020202020202008
:10851000202020200000000030000020522D4320A9
:1085200020202020202020202020202000000000CB
:108530004C494E4B494E472E2E2E202020202020E5
:10854000000000003100002053504545443A00002F
:10855000C000002002E0FCF7E7FE05E0AFF2705239
:1085600014213220FCF7E0FEF948006807F01EF8FD
:108570000190FFF701FB02900C20042300901421CE
:108580003C20029AFCF786FEF2480078012805D1CB
:10859000F1A214216220FCF7C7FE5FE0F0480078EA
:1085A000012805D1EFA214216220FCF7BDFE55E0A1
:1085B000EE480078012851D1EAA214216220FCF78C
:1085C000B3FE4BE0AFF2800214210020FCF7ACFEBA
:1085D0000021DF48006807F095F806D2AFF2F452A8
:1085E00014213220FCF7A0FE05E0AFF2FC5214216A
:1085F0003220FCF799FED648006806F0D7FF0190BC
:10860000FFF7BAFA02900C200423009014213C20BA
:10861000029AFCF73FFE0021D548006807F072F887
:1086200006D2AFF2386214215E20FCF77DFE05E031
:10863000AFF2446214215E20FCF776FECC4800685D
:1086400006F0B4FF0190FFF797FA02900C20032385
:10865000009014216A20029AFCF71CFEAFF26862B7
:108660001E210020FCF760FEC248406800210290F5
:1086700007F048F815D2AFF28C621E210846FCF7CD
:1086800053FEBC48406880F00040019006F0A7FF10
:1086900002900C20042300901E212420029AFCF753
:1086A000F9FDB44840680021029007F035F813D86E
:1086B000AFF2C4621E210846FCF736FEAD484068A2
:1086C000019006F08CFF02900C20042300901E21E4
:1086D0002420029AFCF7DEFDAFF2D8621E21422070
:1086E000FCF722FEA34880680021029007F00AF8F8
:1086F00019D2AFF208721E215E20FCF715FE9D48CC
:10870000806880F000409C49009006F02BFD0190AD
:1087100006F065FF02900C20042300901E216820C3
:10872000029AFCF7B7FD934880680021029006F09A
:10873000F3FF17D8AFF248721E215E20FCF7F4FD5C
:108740008C4880688C49009006F00CFD019006F082
:1087500046FF02900C20042300901E216820029AFC
:10876000FCF798FDAFF2587228210020FCF7DCFDE1
:10877000824840680021029006F0C4FF15D2AFF293
:10878000947228211E20FCF7CFFD7C48406880F0C1
:108790000040019006F023FF02900C20042300907B
:1087A00028212420029AFCF775FD744840680021B6
:1087B000029006F0B1FF13D8AFF2CC7228211E2030
:1087C000FCF7B2FD6D484068019006F008FF02908A
:1087D0000C200423009028212420029AFCF75AFD43
:1087E000AFF2C87228214220FCF79EFD63488068E2
:1087F0000021029006F086FF19D2AFF61002282160
:108800005E20FCF791FD5D48806880F000405A4989
:10881000009006F0A7FC019006F0E1FE02900C200B
:108820000423009028216820029AFCF733FD534866
:1088300080680021029006F06FFF17D8AFF6500253
:1088400028215E20FCF770FD4C4880684A49009062
:1088500006F088FC019006F0C2FE02900C20042372
:10886000009028216820029AFCF714FD4448007803
:10887000012805D143A232210020FCF755FD17E065
:108880003F48007828B941A232210020FCF74CFD76
:108890000EE03B480078022805D13EA2322100209C
:1088A000FCF742FD04E03DA232210020FCF73CFD34
:1088B000AFF6740232213E20FCF736FDAFF67C02A3
:1088C00032215620FCF730FD36480088642190FBA9
:1088D000F1F002900C200223009032213020029A05
:1088E000FCF7D8FC2F4800880A2190FBF1F090FBA0
:1088F000F1F201FB120002900C20012300903221C2
:108900004620029AFCF7C6FC264800880A2190FB04
:10891000F1F201FB120002900C20012300903221A1
:108920004E20029AFCF7B6FC1F48007830B1AFF633
:10893000FC0232216920FCF7F7FC05E0AFF61012CB
:1089400032216920FCF7F0FCFCF7C4FB0EBD0000EF
:10895000C00000202E00002050692F3500000000CC
:108960002D00002050692F3400000000300000204E
:10897000C40000204008002000007A445008002075
:1089800031000020414B4D20200000004449464664
:10899000200000005354414E4B0000004254414E11
:1089A0004B0000002A0000202C00002010B583A2FC
:1089B00000210846FCF7B8FC84A20A210020FCF73D
:1089C000B3FC86A214210020FCF7AEFC8748007897
:1089D00020B987A21E211820FCF7A6FC8348007846
:1089E000012804D185A21E211820FCF79DFC7F4898
:1089F0000078022804D184A21E211820FCF794FCE0
:108A00007A480078032804D182A21E211820FCF79E
:108A10008BFC83A228210020FCF786FC84A2322153
:108A20000020FCF781FCFCF755FB10BD2DE9F04759
:108A300086B084480088A0F57A704000032190FB3E
:108A4000F1FABAF1000F01DA4FF0000ABAF1640F3F
:108A500001DD4FF0640A7C49C86806F0F3FD074663
:108A60007A4A7B4B06F095FC054606F0CCFD814624
:108A7000B9F1000F01DAC9F100097649C86806F0BA
:108A8000E1FD0546714A724B06F083FC074606F08D
:108A9000BAFD0446002C00DA64426F48007808B939
:108AA000012000E000206C4908706C480078012823
:108AB00022D16B496B48006806F054FB074606F06C
:108AC00075FD054666496848006806F04BFB074699
:108AD00006F06CFD0646002002900390049005907D
:108AE000009003462A463146019060A006F0D0FF70
:108AF00000205A49087017E05748007828B900222A
:108B0000514662A006F0C4FF0EE04F49086806F027
:108B10004DFD05464F49086806F048FD06462A46C1
:108B200031465DA006F0B4FF06B0BDE8F0872DE940
:108B3000F0414448008806F016FD0746594906F002
:108B400043FB06464349C8680121FDF773F83E49D7
:108B5000C8680221FDF76EF803213046FDF76AF878
:108B60000320FDF7B6F8054600240DE000BF4E488F
:108B7000008800F040000028F9D04C48005D4A49C8
:108B8000091D0880601CC4B2AC42EFDBBDE8F08177
:108B900070B50025002400BF05E00A20FCF74CFA60
:108BA0000444681CC5B2022DF7DB600840F2FF11D7
:108BB000B0FBF1F00D490870002470BD526F746174
:108BC0007465205265736973746F7200546F20531B
:108BD000656C6563742043617200000043757272B6
:108BE000656E7420436172204973000031000020DB
:108BF0002044696666204361722000002020416B9A
:108C00006D20436172200000535F54616E6B2043FE
:108C100061720000425F54616E6B2043617200001C
:108C200050726573732055736572204B657900002F
:108C3000546F20456E642053656C656374696F6E74
:108C4000000000002A000020500800209A999999FD
:108C50009999F13F40080020190100201C010020D3
:108C60000050C347BC010020B80100207B432564AD
:108C70003A25643A25643A25643A25643A25643AEB
:108C800025643A25643A25647D2400007B412564EF
:108C90003A25647D240000007B4225643A25647DEA
:108CA000240000000000C84200380140C507002031
:108CB000D949DA4A12788854722803D0D7490978FA
:108CC000002905DDD5490978491CD44A117002E014
:108CD0000021D24A1170D1490978052925D10021F6
:108CE000CE4A1170CC49097872291ED1CA494978F7
:108CF00065291AD1C8498978732916D1C649C97816
:108D0000652912D1C449097974290ED100BFC4491B
:108D1000096801F4E061C34A1143091DC04A1160AA
:108D2000BFF34F8F00BF00BFFEE770472DE9FF5F25
:108D300040F22551BC48FBF77BFA002831D0BA48F5
:108D4000FBF7F6F9B949086040F22551B648FBF740
:108D500099FAB6490878FFF7ABFFB548007848BBE9
:108D6000B2480068412821D1B2480068401CB1498E
:108D70000860052815D1002008600120AC49087062
:108D80000020AD490870AD490870AD490870AD4884
:108D9000AD490860AD480078012803D1AC48AD4921
:108DA000086036E1AC48AB49086032E10020A149D7
:108DB00008602EE19D480068412809DB9B48006857
:108DC000482805DC994800784038A44908708AE0B2
:108DD000964800685A2803D10020A049087082E014
:108DE000924800680A2804DC904800789B49087083
:108DF00079E08E480068592829D19949924800683D
:108E000006F0AAF9904904460860964906F07AFCF3
:108E100002D294488C4908608C480078012862D0BE
:108E20008C48006806F00EFC05468F4A8F4B06F012
:108E3000AAFA074606F04AFC8649044608608449B7
:108E400006F060FC4FD28248824908604BE07748C8
:108E5000006858282BD182497B48006806F02AF91F
:108E6000794904460860824906F056FC02D28048DF
:108E70007549086075480078012834D07548006845
:108E800006F0E0FB0546784A784B06F0DBF907462A
:108E900006F01CFC6F49044608604FF07E5106F056
:108EA0003BFC20D24FF07E506A4908601BE05F48CF
:108EB00000687B2803D101206E49087013E05B48ED
:108EC00000687D2803D102206A4908700BE05748EA
:108ED0000068612807D16848006808B9012000E0EF
:108EE0000020654908606348007801280AD14F488E
:108EF00000786249624A1278885461480078401CC0
:108F00005F4908705B48007802286ED15B48C078E2
:108F1000502803D101205B4908706DE05748407824
:108F2000232869D0564800785749087033E05449DF
:108F30000978554A1278881A06F01AFB02460B4641
:108F4000CDE900010020514907F016FDCDE90201ED
:108F50004D490978491E494A515CA1F1300006F09B
:108F600007FB8246DDE9022306F013FA06460F46A8
:108F70004748006806F066FB804632463B4606F0EE
:108F800061F9044606F0A2FB414908603E480078BA
:108F9000401E3D4908703C4800780428C7DA37482D
:108FA00040783038092825D2DFE800F0050D151D7E
:108FB0001E202122230037493548006806F004F9B5
:108FC0003549086017E033493148006806F0FCF87D
:108FD000324908600FE02F492D48006806F0F4F888
:108FE0002E49086007E006E005E012E003E002E039
:108FF00001E000E000BF00BF00201E4908702049CA
:109000000870214908702249086032211B4806F087
:1090100039F8BDE8FF9F00001E0100202301002059
:109020000CED00E00000FA05004800402801002097
:109030002E000020240100202D0000202F00002001
:10904000300000200000AF43C000002031000020AD
:109050007CD9203EC4000020DB0F493F1D010020C9
:109060000000C841000052439A9999999999B93FD3
:10907000000048442C01002054000020B0080020CB
:109080002D0100201C0100202E01002000002440A2
:10909000300100200050C347B8010020BC0100206F
:1090A0002DE9F04704460D462946204606F057F8BC
:1090B000FE49086008460168FD48006806F052F85D
:1090C0008046FC480168F948006806F045F881468A
:1090D000F9480168484606F045F80746414605F05C
:1090E000E9FF0646F5480168304605F0E3FFF3491D
:1090F0000860EE480068EF490860F048006806F034
:1091000055FABDE8F0872DE9F04704460D4629469B
:10911000204606F024F8EA49086008460168E44859
:10912000006806F01FF88046E6480168E4480068D9
:1091300006F012F88146E0480168484606F012F849
:109140000746414605F0B6FF0646DF48016830464F
:1091500005F0B0FFDC490860D9480068D9490860CB
:10916000D948006806F022FABDE8F0872DE9F047FB
:1091700004460D462946204605F0F1FFD349086014
:1091800008460168D248006805F094FFD04908609D
:10919000D049CF48006806F0BFFA03D2CD48CC4989
:1091A000086008E0CC49CA48006806F0ABFA02D271
:1091B000C948C7490860C948007838BBC848016831
:1091C000C248006805F0C8FF8046C64801684046AE
:1091D00005F0C8FF0646BE480168C348006805F0B0
:1091E000C1FF8246C148006880F00049B748016865
:1091F000484605F0B7FF8046514605F0ADFF0746EB
:10920000314605F0A9FFBA4908607EE0B34800780E
:10921000012827D1B2480168AC48006805F09CFFDE
:109220008046B4480168404605F09CFF0646A848C1
:109230000168B148006805F095FF8246AF480068B4
:1092400080F00049A1480168484605F08BFF804640
:10925000514605F081FF0746314605F07DFFA449E0
:10926000086052E09D480078022827D19C48016898
:109270009648006805F070FF8046A14801684046A6
:1092800005F070FF0646924801689E48006805F0A8
:1092900069FF82469C48006880F000498B4801685D
:1092A000484605F05FFF8046514605F055FF0746EA
:1092B000314605F051FF8E49086026E08848016874
:1092C0008248006805F048FF8046904801684046A3
:1092D00005F048FF06467E4801688D48006805F0A5
:1092E00041FF82468B48006880F00049774801685A
:1092F000484605F037FF8046514605F02DFF0746EA
:10930000314605F029FF7A490860704800687449C1
:10931000086081494868002106F0F4F908D17F49C6
:109320004868002106F0EEF902D100206849086083
:109330006F480068BDE8F0872DE9F04704460D4608
:109340002946204605F00BFF75490860084601686C
:109350007448006805F0AEFE724908605D497148C6
:10936000006806F0D9F903D25A486E49086008E04F
:1093700059496C48006806F0C5F902D25648694957
:10938000086056480078012824D16748016864487D
:10939000006805F0E1FE804664480168404605F03B
:1093A000E1FE06465F4801686148006805F0DAFEA4
:1093B00080465B4801685F48006805F0D3FE81463F
:1093C000414605F077FE0746314605F073FE5A49DF
:1093D0000860CFE041480078022824D15248016853
:1093E0004F48006805F0B8FE804654480168404682
:1093F00005F0B8FE06464B4801685148006805F084
:10940000B1FE8046464801684E48006805F0AAFE55
:109410008146414605F04EFE0746314605F04AFEBC
:1094200045490860A6E02D48007820BB3E48016809
:109430003B48006805F090FE80464348016840467E
:1094400005F090FE0646374801684048006805F080
:1094500089FE8046324801683D48006805F082FE7A
:109460008146414605F026FE0746314605F022FEBC
:10947000314908607EE02C4801682948006805F001
:109480006BFE804633480168404605F06BFE064699
:10949000244801683048006805F064FE8046204892
:1094A00001682E48006805F05DFE59E018020020B2
:1094B0003801002020020020340100201C0200207E
:1094C000240200202C02002028020020300200206C
:1094D0003802002000007A4400007AC431000020E5
:1094E0003C02002040010020440100203C010020FB
:1094F000340200204C0100205001002048010020CF
:10950000580100205C01002054010020640100206B
:109510006801002060010020400800205008002061
:1095200040020020480200204C0200207C01002064
:1095300080010020780100204402002088010020E2
:109540008C0100208401002094010020980100205B
:109550009001002070010020740100206C010020A7
:109560008146414605F0A6FD0746314605F0A2FDBD
:10957000FE490860FE480068FE490860FE494868E8
:10958000002106F0BFF808D1FC494868002106F028
:10959000B9F802D10020FA490860F4480068BDE833
:1095A000F0872DE9F04704460D462946204605F090
:1095B000D6FDF449086008460168F348006805F0E4
:1095C00079FDF1490860F149EF48006806F0A4F818
:1095D00003D2EE48EC49086008E0ED49EA4800682B
:1095E00006F090F802D2EA48E7490860E9480168C5
:1095F000E448006805F0B0FD8046E7480168404651
:1096000005F0B0FD0646E0480168E448006805F052
:10961000A9FD8246E248006880F00049D948016807
:10962000484605F09FFD8046514605F095FD0746EA
:10963000314605F091FDDB490860D2480068D54904
:109640000860CD494868002106F05CF808D1CB4994
:109650004868002106F056F802D10020CA49086087
:10966000D0480068BDE8F0872DE9F84F04460D4664
:10967000281B05F06FFFCC49086008460168CB48FD
:10968000006805F017FDC9490860C948007800283E
:1096900042D1C548006805F089FF8346FEF76CFAA1
:1096A000824605F060FF8146C2480168484605F0E1
:1096B00059FD8046BC480168404605F053FD06460A
:1096C000BD480168B848006805F046FD8246BB48C1
:1096D0000168504605F046FD8046B4480168B84828
:1096E000006805F03FFD0090B648006880F0004B30
:1096F000AD480168584605F035FD8246009905F0F1
:109700002BFD8146414605F027FD0746314605F011
:1097100023FDAD490860A9E0A548007801281CD1C7
:10972000A5480168A048006805F016FD8046A748D6
:109730000168404605F016FD0646A548006880F021
:10974000004899480168404605F00CFD074631463F
:1097500005F002FD9C49086088E0954800780228E1
:1097600042D19148006805F021FF8346FEF704FAD4
:10977000824605F0F8FE814696480168484605F0A5
:10978000F1FC804688480168404605F0EBFC06463F
:10979000894801688448006805F0DEFC82468E48EE
:1097A0000168504605F0DEFC8046804801688B4821
:1097B000006805F0D7FC00908948006880F0004BF5
:1097C00079480168584605F0CDFC8246009905F0BD
:1097D000C3FC8146414605F0BFFC0746314605F013
:1097E000BBFC7949086041E06F48006805F0DEFE87
:1097F0008346FEF7C1F9824605F0B5FE81467948F9
:109800000168484605F0AEFC80466748016840465E
:1098100005F0A8FC0646684801686348006805F042
:109820009BFC824670480168504605F09BFC8046D0
:109830005E4801686D48006805F094FC00906C4833
:10984000006880F0004B58480168584605F08AFCD3
:109850008246009905F080FC8146414605F07CFC7B
:109860000746314605F078FC574908604E480068C5
:109870005149086040494868002105F043FF08D17C
:109880003E494868002105F03DFF02D100204749CC
:1098900008604D480068BDE8F88F2DE9F0470446A0
:1098A0000D462946204605F05AFC524908600846F4
:1098B00001685148006805F0FDFB4F4908604F49B9
:1098C0004D48006805F028FF03D24C484A4908601B
:1098D00008E04B494848006805F014FF02D24848A8
:1098E0004549086032480078012824D1454801687C
:1098F0004048006805F030FC804643480168404617
:1099000005F030FC06463C4801684048006805F018
:1099100029FC8046374801683D48006805F022FC74
:109920008146414605F0C6FB0746314605F0C2FBBD
:1099300038490860D1E01E480078A8B9314801686C
:109940002C48006805F008FC804633480168404612
:1099500005F008FC0646284801683048006805F014
:1099600001FC804623485BE06AE0000044020020DE
:10997000400200204C020020400800205008002037
:1099800048020020500200205802002000007A44C3
:1099900000007AC45C020020A0010020A401002085
:1099A0009C01002054020020600200206802002078
:1099B00031000020B40100206C020020AC01002026
:1099C000B0010020A801002064020020BC0100209A
:1099D000B8010020D4010020CC010020D0010020DB
:1099E000C8010020E4010020DC010020E00100208B
:1099F000D8010020700200207802002000409C4521
:109A000000409CC57C020020EC010020F0010020F9
:109A1000E801002074020020F8010020FC01002071
:109A200001683948006805F09DFB8146414605F014
:109A300041FB0746314605F03DFB344908604CE0E8
:109A400033480078022824D132480168324800683F
:109A500005F082FB804631480168404605F082FBF4
:109A600006462F4801682F48006805F07BFB8046BA
:109A7000294801682C48006805F074FB814641467E
:109A800005F018FB0746314605F014FB1F49086036
:109A900023E0204801682048006805F05DFB80460F
:109AA00022480168404605F05DFB06461C480168F7
:109AB0001F48006805F056FB8046174801681D489E
:109AC000006805F04FFB8146414605F0F3FA074672
:109AD000314605F0EFFA0D4908600F4800680D495E
:109AE000086015494868002105F00CFE08D11349AB
:109AF0004868002105F006FE02D1002008490860F0
:109B000002480068BDE8F087F401002074020020DC
:109B1000310000207C02002070020020040200209E
:109B2000780200200802002000020020100200201D
:109B3000140200200C0200204008002050080020E1
:109B40002DE9F04F97B0F949888805F022FD0022F1
:109B5000F74BCDE9080105F08EFC074605F0B6FD90
:109B60008146F249488D05F014FD0022F04BCDE905
:109B7000080105F080FC074605F0A8FD824630216B
:109B80000AA805F07FFAEB49484605F0E5FA814658
:109B90000746002105F0B6FD04D2E749484605F026
:109BA00089FA8146E349504605F0D6FA82460746CF
:109BB000002105F0A7FD04D2DF49504605F07AFAEE
:109BC00082465146484605F0A7FD04D2DA49504680
:109BD00005F070FA824600244FE0204605F0D9FCDB
:109BE000CDE902014946504605F0B6FA834605F034
:109BF00029FD07460022D14B05F03DFCCDE90001CF
:109C0000DDE9022305F0C5FBCDE90601484605F074
:109C100019FDCDE90401DDE9062305F013FBCDE9CB
:109C2000080105F053FD0AA941F8240051F8240069
:109C300005F008FD07460022C14B05F02FFD1AD2A2
:109C4000C048006870B90120BE490860BE48046081
:109C50000AA951F82400B84905F07EFA0AA941F88A
:109C6000240008E00AA951F82400B34905F074FA69
:109C70000AA941F82400601C84B20C2CADDB012041
:109C8000B24908700020B2490870AB49504605F04F
:109C900039FD0AD8AF49504605F03EFD05D80120F0
:109CA000A84908600C20A8490860A6480068002858
:109CB0007DD000251CE00AA850F82500A6490968B7
:109CC000294401EB4101A54A02EB4101C1F8020020
:109CD00005EB45019548801D084400889E490968A8
:109CE000294401EB410102EB41010880681C85B267
:109CF000954800688542DEDB97480068924909680C
:109D000008449549086000261CE08F4800683044EC
:109D10000AA951F8200006EB4601914A02EB4101E5
:109D2000C1F8020088480068304400EB40017F48D9
:109D3000801D0844008806EB460102EB41010880C3
:109D4000701C86B280480068C0F10C00B042DCDCB8
:109D500000241AE004EB4400804901EB4000D0F8F5
:109D6000020004EB44017F4A02EB4101C1F802000A
:109D700004EB4400794901EB4000008804EB440106
:109D800002EB41010880601C84B273480068844281
:109D9000E0DB71480068744908600120734908706D
:109DA0000020684908606C4908605BE0FFE7002517
:109DB00051E06E48007888B300261AE006EB4600B2
:109DC000674901EB4000D0F8020006EB4601634A08
:109DD00002EB4101C1F8020006EB4600604901EBCD
:109DE0004000008806EB460102EB41010880701C30
:109DF00086B255480068C0F10C00B042DEDC00209D
:109E00005A49087050480068C0F10C00524909686E
:109E100008445149086000204B4908600AA850F8DE
:109E200025004D490968294401EB41014B4A02EBE9
:109E30004101C1F8020005EB45013C48801D084482
:109E4000008845490968294401EB410102EB4101C1
:109E50000880681C85B20C2DABDB3F4800680C30D5
:109E60003D49086017B0BDE8F08F10B540F22551AC
:109E70003F48FAF7DDF900282DD040F225513C4843
:109E8000FAF700FA3A48FAF753F9C4B239480078B9
:109E9000052877DD374800782A2874DA35480078B5
:109EA000032190FBF1F201FB1200A8B932480078BF
:109EB00000EB40011D48801D084404802D480078B7
:109EC000401C2C4908702D4800786040C0B22C49D5
:109ED000085C2A49087071E126480078032190FB4C
:109EE000F1F201FB120001284ED12348007800EB6B
:109EF00040010E48801D0844008800EB042081B218
:109F00001D48007800EB40020848801D1044018085
:109F100018480078401C17490870184800786040BD
:109F2000C0B21749085C1549087047E1621C00205F
:109F300000005940000034430000B44300002540B5
:109F4000008076404C00002050000020410000209E
:109F5000DD0000200080B34348000020E20800201C
:109F60001A1C0020BA1200204400002040000020EB
:109F70000050004080020020820200208102002068
:109F8000C82801088EE019E08D48007800EB4001F8
:109F90008C48084484708A480078401C88490870BE
:109FA00089480078401C88490870884800786040DB
:109FB000C0B28749085C85490870FFE08248007894
:109FC0002A3805286CD2DFE800F003142A3B510040
:109FD0007C48801F44857C480078401C7A49087082
:109FE0007A4800786040C0B27949085C77490870C7
:109FF00057E07448801F408D00EB04207149891F91
:10A00000488571480078401C6F4908706F48007897
:10A010006040C0B26E49085C6C49087041E0694814
:10A02000801F848568480078401C6749087067482D
:10A0300000786040C0B26649085C6449087030E04E
:10A040006048801F808D00EB04205E49891F888551
:10A050005D480078401C5C4908705C4800786040AE
:10A06000C0B25B49085C594908701AE05548801F26
:10A0700080F82E4090F82E0054490978884202D189
:10A08000FFF75EFD04E02F214E48801F04F0FAFF29
:10A0900000204E4908704C4908704949087000E09A
:10A0A00000BF8BE04848007806286ED2DFE800F059
:10A0B000031C35465C6E542C10D14248801F04703E
:10A0C00041480078401C4049087040480078604092
:10A0D000C0B23F49085C3D49087004E000203A499D
:10A0E00008703A49087068E02C2C10D13548801F60
:10A0F000447035480078401C334908703348007874
:10A100006040C0B23249085C3049087004E0002069
:10A110002D4908702D4908704FE02A48801F44805F
:10A1200029480078401C2849087028480078604079
:10A13000C0B22749085C254908703EE02148801FCD
:10A14000408800EB04201F49891F48801E48007882
:10A15000401C1D4908701D4800786040C0B21C4971
:10A16000085C1A49087028E01648801F8480164849
:10A170000078401C14490870144800786040C0B250
:10A180001349085C1149087017E015E00D48801F5D
:10A19000808800EB04200B49891F88800A480078DA
:10A1A000401C09490870094800786040C0B208495D
:10A1B000085C0649087000E000BF00BF10BD000049
:10A1C00082020020681C0020800200208102002002
:10A1D000C828010808B501211420F8F7F7FE01216D
:10A1E0000420F8F7F3FE01210C20F8F7EFFE01211F
:10A1F0000C20F8F7EBFE0220ADF8000028208DF8C7
:10A2000003006946FE48F8F725FC4FF40040ADF81E
:10A21000000010208DF8030002208DF8020069462E
:10A22000F848F8F717FC0420ADF8000028208DF856
:10A2300003006946F248F8F70DFC4FF48050ADF882
:10A24000000010208DF8030002208DF802006946FE
:10A25000EB48F8F7FFFB0820ADF8000028208DF848
:10A2600003006946E648F8F7F5FB4FF40050ADF8F7
:10A27000000010208DF8030002208DF802006946CE
:10A28000E148F8F7E7FB4FF40060ADF80000282044
:10A290008DF803006946DA48F8F7DCFB4FF480508C
:10A2A000ADF8000010208DF8030002208DF80200A8
:10A2B0006946D548F8F7CEFB08BD30B587B00546EE
:10A2C0000C4601210846F8F78EFE0121C802F8F776
:10A2D0007DFEADF81450ADF810400020ADF816002A
:10A2E000ADF8120004A94FF08040F8F7A7FFADF8D1
:10A2F0001450ADF810400020ADF81600ADF8120073
:10A3000004A9C248F8F79AFF0420ADF80400002021
:10A31000ADF806000120ADF808000020ADF80A00F5
:10A32000ADF80C0001A94FF08040F9F71AFA0820A7
:10A33000ADF804000020ADF806000120ADF80800DB
:10A340000020ADF80A00ADF80C0001A94FF08040E4
:10A35000F9F707FA0C20ADF804000020ADF806006C
:10A360000120ADF808000020ADF80A00ADF80C009F
:10A3700001A94FF08040F9F7F4F90C20ADF8040082
:10A380000020ADF806000120ADF808000020ADF86F
:10A390000A00ADF80C0001A99C48F9F7E2F9012286
:10A3A0001D218807F9F7C1FA012211219748F9F711
:10A3B000BCFA01218807F9F79DFA01219348F9F7C2
:10A3C00099FA07B030BD08B51C208DF800000120B7
:10A3D0008DF8010002208DF8020001208DF80300A5
:10A3E0006846F7F7B8FF1B208DF8000001208DF8B4
:10A3F000010002208DF8020001208DF8030068465C
:10A40000F7F7A9FF19208DF8000001208DF8010051
:10A4100002208DF8020001208DF803006846F7F74E
:10A420009AFF08BD70B504460D46FFF7D3FEFFF74F
:10A43000CAFF29462046FFF740FF70BD08B501213D
:10A440000420F8F7C3FD01210420F8F7BFFD082020
:10A45000ADF8000028208DF8030069466848F8F739
:10A46000F9FA0420ADF8000028208DF803006946B1
:10A470006348F8F7EFFA08BD30B587B005460C46DB
:10A4800001210846F8F7AFFDADF81450ADF81040C3
:10A490000020ADF81600ADF8120004A94FF080407E
:10A4A000F8F7CCFEADF81450ADF810400020ADF830
:10A4B0001600ADF8120004A95448F8F7BFFE0820B2
:10A4C000ADF804000020ADF806000120ADF808004A
:10A4D0000020ADF80A00ADF80C0001A94FF0804053
:10A4E000F9F73FF90C20ADF804000020ADF80600A4
:10A4F0000120ADF808000020ADF80A00ADF80C000E
:10A5000001A94FF08040F9F72CF9012219218807A1
:10A51000F9F70BFA01218807F9F7ECF907B030BD1C
:10A5200008B51C208DF8000001208DF801000220E4
:10A530008DF8020001208DF803006846F7F70BFF45
:10A5400008BD70B504460D46FFF778FFFFF7E8FF3A
:10A5500029462046FFF790FF70BD10B52C480088B3
:10A56000401C2B49088008460088142813D101207C
:10A57000284908600F20FAF765F900202649C1F83C
:10A58000BC010120254908600F20FAF75BF9002083
:10A590002349C1F8B0011E480088282817D100209F
:10A5A0001B49088001201F4908600F20FAF74AF96B
:10A5B00000201D49C1F8B40101201A49091F086093
:10A5C0000F20FAF73FF900201749C1F8B0011748EA
:10A5D000007888B115484168008901EB00444FF4C8
:10A5E000AA70604340084FF47A71B0FBF1F0104953
:10A5F000088000200D4908700E48007870B31BE0F9
:10A600000008014000100140000C0140002C0140F6
:10A61000A4020020BC01224200002242B0012142DB
:10A6200000002142B481214200802142941C00207C
:10A630009C020020A01C0020C8484168008901EB52
:10A6400000444FF4AA70604340084FF47A71B0FBA5
:10A65000F1F0C34908800020C0490870C148007863
:10A6600088B1C0484168008901EB00444FF4AA70EA
:10A67000604340084FF47A71B0FBF1F0BA490880AA
:10A680000020B8490870B948007888B1B7484168D7
:10A69000008901EB00444FF4AA70604340084FF476
:10A6A0007A71B0FBF1F0B24908800020AF49087020
:10A6B00010BD10B5AF480068B0F5C86F0CDDAE48EE
:10A6C000007848B90120AC4908700020AB490870F7
:10A6D000AB490870AB490870AB48007800285CD1E2
:10A6E00001218807F9F7CFFB20B1A7480089401C5A
:10A6F000A54908810821C806F9F7C5FB00284CD0F8
:10A70000A148407878B94FF08040F9F7A3FB9E4903
:10A7100048600020088102214807F9F7C9FA0120A2
:10A720009949487035E04FF08040F9F793FB96491E
:10A730004968401A954908600968954A1268881A5C
:10A74000002801DB014600E04142B1F5FA7F11DD4E
:10A7500090480078401C8F4908700846007805280A
:10A7600004DC8B4800688949086006E000208949BC
:10A77000087002E000208749087084480068844916
:10A78000086000214FF08040F9F792FA00207E49DE
:10A7900048700821C806F9F787FB7F480078002831
:10A7A0005CD101218807F9F76EFB20B17A48008956
:10A7B000401C7949088110218806F9F764FB0028BC
:10A7C0004CD07548407878B94FF08040F9F745FB98
:10A7D000714948600020088102214807F9F782FA90
:10A7E00001206D49487035E04FF08040F9F735FBA6
:10A7F00069494968401A5F4908600968674A1268F0
:10A80000881A002801DB014600E04142B1F5FA7FD9
:10A8100011DD63480078401C6149087008460078E3
:10A82000052804DC5D4800685249086006E0002005
:10A830005B49087002E00020594908704D480068E3
:10A840005649086000214FF08040F9F74BFA00208C
:10A850005149487010218806F9F726FB192188070D
:10A86000F9F722FB10BD10B54E480078002850D1F2
:10A8700010214D48F9F707FB00284AD04948407895
:10A8800070B94948F9F7E9FA46494860002008815B
:10A8900002214548F9F726FA01204249487034E080
:10A8A0004148F9F7DAFA3F494968401A3F490860D8
:10A8B00009683F4A1268881A002801DB014600E057
:10A8C0004142B1F5FA7F11DD3A480078401C394920
:10A8D000087008460078052804DC354800683349CC
:10A8E000086006E000203349087002E0002031498A
:10A8F00008702E4800682E49086000212A48F9F7A0
:10A90000F1F9002027494870087010212648F9F70E
:10A91000CBFA10212448F9F7C7FA10BD10B5214829
:10A92000007848B901212048F9F7ADFA20B11D4857
:10A930000089401C1B4908811F48007848B9012143
:10A940001948F9F7A0FA20B11B480089401C1A49A0
:10A95000088101211448F9F7A7FA10BDA01C0020B6
:10A960009E020020AC1C0020A0020020B81C002089
:10A97000A202002088020020300000202E000020CB
:10A980002D0000202F000020D01C00208402002079
:10A9900090020020A6020020C41C00209402002087
:10A9A000A7020020DC1C0020002C01408C020020AB
:10A9B00098020020A8020020E81C002008B5012110
:10A9C0001420F8F703FB1020ADF8000000208DF8EC
:10A9D00003006946FE48F8F73DF82020ADF8000076
:10A9E00000208DF803006946F948F8F733F8202075
:10A9F000ADF8000000208DF803006946F548F8F72F
:10AA000029F808BD00B585B001214802F8F7DEFA43
:10AA1000F148F7F709FD002000908DF804008DF84B
:10AA200005004FF4602002900020039001208DF873
:10AA300010006946E848F7F71EFD4FF40040F8F7AC
:10AA400029FA072301220421E348F7F7ACFD072385
:10AA500001220521E048F7F7A6FD072301220F2177
:10AA6000DD48F7F7A0FD00224FF40871DA48F7F748
:10AA700044FD0121D848F7F72AFDD748F7F749FDEB
:10AA800000BFD548F7F74AFD0028FAD1D248F7F7BA
:10AA90004FFD00BFD048F7F750FD0028FAD105B0B0
:10AAA00000BD10B5FFF78AFFFFF7ACFF10BD00B582
:10AAB00085B001214802F8F789FAC748F7F7B4FCD6
:10AAC000002000908DF804008DF805004FF4602000
:10AAD00002900020039001208DF810006946BE48C6
:10AAE000F7F7C9FC4FF40040F8F7D4F90723012227
:10AAF0000F21B948F7F757FD00224FF40871B64807
:10AB0000F7F7FBFC0121B448F7F7E1FCB248F7F78F
:10AB100000FD00BFB048F7F701FD0028FAD1AE48AC
:10AB2000F7F706FD00BFAC48F7F707FD0028FAD19C
:10AB300005B000BD08B501211420F8F747FA102030
:10AB4000ADF800008DF8030002208DF80200694680
:10AB50009F48F7F77FFF2020ADF8000010208DF808
:10AB6000030002208DF8020069469948F7F772FF4A
:10AB70002020ADF8000000208DF8030069469548BC
:10AB8000F7F768FF08BD10B5FFF7D4FFFFF78FFF99
:10AB900010BD70B5002591480078012833D10024FC
:10ABA00028E004EB44018E4A02EB4101D1F8020097
:10ABB0008C4904F0B1FD0AD304EB4401884A02EB4E
:10ABC0004101D1F80200884904F09CFD11D204EB48
:10ABD0004400834901EB40000088002809DD04EBB4
:10ABE000440001EB40000088B0F52F7F01DA681CBB
:10ABF000C5B2641CB4F5C37FD3DB032D01DD012096
:10AC000070BD0020FCE70020FAE710B500BF04206B
:10AC1000FAF712FA754908600520FAF70DFA744937
:10AC200008600F20FAF708FA724908606F48006858
:10AC30006F49096801EBC10202EB011100EB8101D0
:10AC40006C480068C72200FB021468480068684925
:10AC50000968084467490968084494FBF0F06649AC
:10AC60000860FFF796FFE8B9644800686449086027
:10AC70006448007818B163480078012807D15C2146
:10AC80005D480068FEF7F0FC5F49086006E064215B
:10AC900059480068FEF7E8FC5B4908600020F9F7B6
:10ACA000D3FB0EE05948007818B96420F9F7CCFBC3
:10ACB00002E00020F9F7C8FB002051490860524922
:10ACC000086010BD002000E0401C0A28FCDB704733
:10ACD00070B50024002500204D4908604D49C1F899
:10ACE0009001FFF7EFFF01204949091F0860FFF7B6
:10ACF000E9FF00204749C1F89401FFF7E3FF012075
:10AD000043490860FFF7DEFF00204249C1F8900187
:10AD1000FFF7D8FF00BF15E000203D490860FFF7AE
:10AD2000D1FF0F20FAF788F900113B4921F81500EF
:10AD3000681CC5B201203749C1F89401FFF7C2FF72
:10AD4000601CC4B2802CE7DB70BD10B532480088AF
:10AD50003249088005203249087014E02E483049F5
:10AD6000097830F811002D490988884206DB2A4805
:10AD70002B49097830F811002849088028480078C4
:10AD8000401C27490870264800787B28E6DB2248CB
:10AD900000882449088005202149087014E01E48D5
:10ADA0001F49097830F811001E490988884206DCDD
:10ADB00019481B49097830F811001A4908801848C9
:10ADC0000078401C16490870154800787B282BE055
:10ADD000000801400010014000240140D000002084
:10ADE000BA1200200000964300007042AC0200201E
:10ADF000B0020020B4020020B8020020D8000020D9
:10AE0000B000002031000020B40000202C00002001
:10AE10009401214200002142F41C0020C4020020C1
:10AE2000BE020020C6020020B9DB6C4909886C4ACA
:10AE30001288881800EBD071C1F34701694A11707C
:10AE40003B206949087044E068486749097830F850
:10AE5000110064490978884236DA6449624800780A
:10AE6000401C31F810005F49097888422CDA5F49AC
:10AE70005D480078801C31F810005A4909788842F2
:10AE800022DA5A4958480078C01C31F81000554958
:10AE90000978884218DD554953480078001D31F87B
:10AEA00010005049097888420EDD50494E4800781C
:10AEB000401D31F810004B490978884204DD4A48AA
:10AEC00000784B49087008E047480078401E464922
:10AED0000870454800780528B6DC00BF3C2045498D
:10AEE000087044E041484349097830F811003D4971
:10AEF0000978884236DA3D493E480078401C31F8EE
:10AF000010003849097888422CDA384939480078E5
:10AF1000801C31F8100033490978884222DA33491D
:10AF200034480078C01C31F810002E490978884256
:10AF300018DD2E492F480078001D31F810002949EE
:10AF4000097888420EDD29492A480078401D31F8E9
:10AF5000100024490978884204DD264800782649F3
:10AF6000087008E023480078401C224908702148F6
:10AF700000787628B6DB00BF1F4909781C4A127892
:10AF8000881800EBD071C1F347011C4A11701146BB
:10AF900009781B4A1278881AFCF7EEFD5A2803DD5F
:10AFA000174800781549087014480078144908704B
:10AFB00010BD10B5FFF78CFEFFF7C7FE1148006803
:10AFC000114908600D48007804F0CDFA04464FF0AE
:10AFD0008541FEF762FC0D49086010BDC4020020E7
:10AFE000C6020020BD020020BE020020F41C00208A
:10AFF000C0020020BF020020C1020020BC020020CD
:10B00000C2020020D4000020B0000020B4000020C4
:10B0100038B50446FB4890F82400C0B114B10220B2
:10B02000009001E000200090F64A1268D17BF54ABA
:10B03000526810786B46012202F0F6FE10B14FF014
:10B04000FF3038BD9DF80010EE48417423E0ED4814
:10B05000807A10B94FF0FF30F3E724B1E948407C23
:10B0600008B10020EDE714B10120009001E00020BC
:10B070000090E44A1268D17BE24A526810786B462D
:10B08000012202F0D1FE10B14FF0FF30D9E79DF858
:10B090000010DC4841740020D3E738B5002419E0E3
:10B0A000D8480068C07AA04204D0D6480068407DE5
:10B0B000A04200D10CE0D349496808786B460122D0
:10B0C000214602F015FF10B14FF0FF3038BD00BF30
:10B0D000601CC4B2CB4840680079A042E0DC00208C
:10B0E000F4E770B504460D46C6480068C07AA04231
:10B0F00004D0C4480068407DA04202D14FF0FF3028
:10B1000070BDC04840680079A04202DC4FF0FF30BB
:10B11000F6E7BC49496808782B460122214602F02F
:10B12000E7FEEDE738B50446B64890F82300A042A4
:10B1300001D1002038BD14B13020009001E0002082
:10B140000090B048807C20B19DF8000040F00200E3
:10B150000090AC4890F8220020B19DF8000040F02B
:10B1600080000090A74A1268117DA64A52681078A4
:10B170006B46012202F058FE10B14FF0FF30D9E7C4
:10B18000A04880F823400020D4E738B5044604F0F6
:10B19000700010B10120009005E014B10020009073
:10B1A00001E040200090974A1268917C954A5268CD
:10B1B00010786B46012202F037FE20B10021914841
:10B1C0008172481E38BD9DF8000020F040018D4876
:10B1D00001730020009004F0400020B99DF80000A9
:10B1E00040F00400009004F0200020B99DF8000019
:10B1F00040F00200009004F0100020B99DF800001B
:10B2000040F00100009004F0080020B99DF8000013
:10B2100040F0380000907B4A1268D17C794A52682D
:10B2200010786B46012202F0FFFD20B10021754825
:10B230008172481EC6E724B1082C02D00020FFF717
:10B2400071FF70488472002101753220F9F71AFBF2
:10B250000020B7E738B504466A48807CA04201D197
:10B26000002038BD002C46D0664A12681179654A24
:10B27000526810786B46012202F03AFE10B14FF08E
:10B28000FF30EEE79DF8000020F0200000905D4ABE
:10B29000126811795B4A526810786B46012202F0FD
:10B2A000C3FD10B14FF0FF30DBE70320F9F7EAFAF6
:10B2B00002200090534890F8220020B19DF8000031
:10B2C00040F0800000904F4890F8230020B19DF896
:10B2D000000040F0300000904A4A1268117D494A4F
:10B2E000526810786B46012202F09EFD002851D072
:10B2F0004FF0FF30B5E7434A12681179414A52686E
:10B3000010786B46012202F0F3FD10B14FF0FF30D0
:10B31000A7E73C48807A00F0010028B19DF80000C2
:10B3200040F02000009004E09DF8000020F0200094
:10B330000090344A12681179324A526810786B468C
:10B34000012202F071FD10B14FF0FF3089E70320B8
:10B35000F9F798FA2B4890F8220010B1802000905D
:10B3600001E000200090274890F8230020B19DF8CC
:10B37000000040F030000090224A1268117D214AFE
:10B38000526810786B46012202F04EFD10B14FF06A
:10B39000FF3066E71B488474002062E708B519484F
:10B3A000807A10B94FF0FF3008BD00200090154A98
:10B3B0001268D17B134A526810786B46012202F062
:10B3C00033FD10B14FF0FF30EEE70E4A12685179AD
:10B3D0000C4A526810786B46012202F025FD10B12C
:10B3E0004FF0FF30E0E7074A12681179054A5268CA
:10B3F00010786B46012202F017FD28B14FF0FF30A4
:10B40000D2E70000C8020020F74890F82400002886
:10B4100050D00C200090F44A12681179F24A526818
:10B4200010786B46012202F0FFFC10B14FF0FF30A4
:10B43000BAE7C0200090EC48807A00F0010020B10B
:10B440009DF8000040F020000090E74A1268117952
:10B45000E54A526810786B46012202F0E5FC10B113
:10B460004FF0FF30A0E7E048407C10B10220009090
:10B4700001E000200090DC4A1268D17BDA4A526871
:10B4800010786B46012202F0CFFC10B14FF0FF3074
:10B490008AE700200090D44A12685179D24A526853
:10B4A00010786B46012202F0BFFC002852D04FF00A
:10B4B000FF3079E704200090CB4A12681179CA4A1C
:10B4C000526810786B46012202F0AEFC10B14FF0CA
:10B4D000FF3069E7C448807C20B9C348807A00F017
:10B4E000010010B94020009001E060200090BE4AA9
:10B4F00012681179BC4A526810786B46012202F03A
:10B5000093FC10B14FF0FF304EE7B748407C10B1CC
:10B510000120009001E000200090B34A1268D17B26
:10B52000B14A526810786B46012202F07DFC10B1DE
:10B530004FF0FF3038E7AC4A12685179AA4A526896
:10B540001078A94B1033012202F06EFC10B14FF0BD
:10B55000FF3029E7002027E770B50446002624F0D5
:10B560000104A14890F8240008B1002070BD9E4855
:10B57000807A10B94FF0FF30F8E79B48057C807A5D
:10B580002040994908740846007CA04202D04FF040
:10B59000FF3600E0002614B99348007D18B1012061
:10B5A000FFF736FD02E00020FFF732FD3CB1FFF768
:10B5B000F5FE20B18C4805744FF0FF30D6E73046D9
:10B5C000D4E738B504468848807A10B94FF0FF3088
:10B5D00038BDBC2C02DB0120009015E0622C02DBA0
:10B5E0000220009010E02A2C02DB032000900BE0E8
:10B5F000142C02DB0420009006E00A2C02DB05205C
:10B60000009001E0062000907748C07A9DF8001075
:10B61000884201D10020DBE7734A12689178724AB0
:10B62000526810786B46012202F0FEFB10B14FF019
:10B63000FF30CDE79DF800106B48C1720020C7E7CE
:10B6400038B50446282C02DD4FF0FF3038BDDCB998
:10B650000020FFF767FD00208DF8000007208DF81F
:10B660000100614A1268917C5F4A526810786B460B
:10B67000022202F0D9FB10B14FF0FF30E6E70021C3
:10B68000594801750020E1E70120FFF74BFD20201C
:10B690008DF80000012C06D100208DF80100052056
:10B6A000FFF78FFF17E0052C06DC01208DF8010065
:10B6B0000520FFF786FF0EE0142C06DC02208DF833
:10B6C00001000A20FFF77DFF05E003208DF801004F
:10B6D0001420FFF776FF9DF80100072101EB801091
:10B6E000C0B28DF80100404A1268917C3E4A52680F
:10B6F00010786B46022202F097FB10B14FF0FF303A
:10B70000A4E70821384881720021017301210175E5
:10B710000020FFF721FF002098E738B504463248A3
:10B72000807A10B94FF0FF3038BD2F4890F82400D0
:10B7300010B14FF0FF30F7E72B48007D50B134B126
:10B74000282C04DCE0B2FFF77BFF0020ECE70020B0
:10B75000FFF776FF042C01DA042404E0B4F57A7FC5
:10B7600001DD4FF47A744FF47A7090FBF4F0401ED0
:10B77000C0B200901C4A126851781B4A5268107877
:10B780006B46012202F050FB10B14FF0FF30CBE7C7
:10B790009DF80000401C4FF47A7191FBF0F081B2EB
:10B7A0001148C1810146C9894810FFF70AFF0020EE
:10B7B000BAE738B504460C48807A10B94FF0FF302C
:10B7C00038BD022C06D0042C07D0082C08D0102C31
:10B7D0000FD10BE0002000900EE0082000900BE05D
:10B7E0001020009008E00000C802002018200090FF
:10B7F00002E04FF0FF30E3E700BFF948407A9DF8E0
:10B800000010B0EBE10F01D10020D9E7F44A126833
:10B81000D179F34A526810786B46012202F004FB9A
:10B8200010B14FF0FF30CBE79DF80000C110EC489D
:10B8300041720020C4E738B50446E948807A10B95F
:10B840004FF0FF3038BDFA2C09D0B4F5FA7F09D09B
:10B85000B4F57A7F09D0B4F5FA6F0CD108E0002076
:10B8600000900BE00820009008E01020009005E018
:10B870001820009002E04FF0FF30E3E700BFD84807
:10B88000007A9DF80010B0EBE10F01D10020D9E75C
:10B89000D34A12689179D24A526810786B460122D5
:10B8A00002F0C2FA10B14FF0FF30CBE79DF8000074
:10B8B000C010CB4908720020C4E71CB580208DF869
:10B8C0000000C74A1268917CC54A526810786B46DE
:10B8D000012202F0A9FA10B14FF0FF301CBD642024
:10B8E000F8F7D0FF00208DF80000BD4A1268917C67
:10B8F000BB4A526810786B46012202F095FA10B1EB
:10B900004FF0FF30EAE7B64A1268917DB44A5268B8
:10B9100010786B46062202F0EBFA10B14FF0FF30C0
:10B92000DCE79DF80500C007400F9DF8031001F00B
:10B93000010140EA41009DF8011001F0010140EAD7
:10B94000010494B1012C03D10121A548C17431E057
:10B95000022C03D10021A248C1742BE02146A1A0F2
:10B9600004F096F84FF0FF30B8E79D4A1268D1789E
:10B970009B4A526810786B46012202F0B9FA10B166
:10B980004FF0FF30AAE79DF8000000F00F042CB93B
:10B990009E4804F07DF84FF0FF309FE7042C06D15D
:10B9A0009BA004F075F801218D48C17402E00021CC
:10B9B0008B48C174FF218A488172FF208849087230
:10B9C000FF2187484172C1724FF6FF71C181FF218B
:10B9D000017481740121017380F82210002180F824
:10B9E0002310417501751630016041608160163881
:10B9F00080F8241080F82510C1844FF4FA60FFF716
:10BA00001AFF10B14FF0FF3068E70220FFF7D1FEB8
:10BA100010B14FF0FF3061E72A20FFF7D2FD10B1DF
:10BA20004FF0FF305AE73220FFF777FE10B14FF0AA
:10BA3000FF3053E70020FFF78FFD10B14FF0FF30CC
:10BA40004CE70020FFF706FC10B14FF0FF3045E750
:10BA50000020FFF79AFB002040E770477CB50446C2
:10BA60000D465F48807A00F0700010B94FF0FF304B
:10BA70007CBD5B4A1268117B594A526810786B464C
:10BA8000062202F035FA10B14FF0FF30F0E79DF8D2
:10BA900001009DF8001040EA012000B220809DF8CE
:10BAA00003009DF8021040EA012000B260809DF87A
:10BAB00005009DF8041040EA012000B2A08015B1F5
:10BAC0002846FFF7CAFF0020D2E77CB504460D46A2
:10BAD0004348807A00F0080010B94FF0FF307CBD79
:10BAE0003F4A1268517B3E4A526810786B460622E4
:10BAF00002F0FEF910B14FF0FF30F0E79DF80100C1
:10BB00009DF8001040EA012000B220809DF803005B
:10BB10009DF8021040EA012000B260809DF8050007
:10BB20009DF8041040EA012000B2A08015B128461B
:10BB3000FFF793FF0020D2E72DE9FE4F05460C46A4
:10BB40002748807A18B94FF0FF30BDE8FE8F244AAD
:10BB50001268917B224A5268107802AB022202F0EE
:10BB6000C7F910B14FF0FF30EFE79DF809009DF8DD
:10BB7000081040EA012006B214B12046FFF76DFF1D
:10BB800017494968C88803F0EEFC154901904968D7
:10BB9000B1F9080003F0DEFC8346304603F0DAFC1E
:10BBA0005946009003F0D8FA8246019903F00CFB45
:10BBB00081461F4903F07EFA80464FF08F4103F023
:10BBC000D1FA074603F0F2FC28600020BDE710B56B
:10BBD00088B004461CB94FF0FF3008B010BD29E012
:10BBE000C8020020556E737570706F7274656420A2
:10BBF000736F6674776172652070726F64756374B9
:10BC0000207265762025642E0A000000784D010818
:10BC100048616C662073656E7369746976697479BE
:10BC2000207061727420666F756E642E0D0A0000BC
:10BC300000000C42206830B9606820B9A06810B9D3
:10BC4000002008B010BDFA494968087806AB032205
:10BC5000114602F04DF910B14FF0FF30F1E79DF8B9
:10BC60001800082101EB201000F00F00ADF80000D3
:10BC70009DF8190001EB201000F00F00ADF8020054
:10BC80009DF81A0001EB201000F00F00ADF8040041
:10BC900020684100BDF90000403091FBF0F000B297
:10BCA000ADF8100060684100BDF90200403091FB22
:10BCB000F0F000B2ADF81200A0684100BDF9040038
:10BCC000403091FBF0F000B2ADF81400D84949685B
:10BCD000087806AB0622114602F00AF910B14FF0BF
:10BCE000FF30AEE79DF819009DF8181040EA0120DA
:10BCF00000B2ADF808009DF81B009DF81A1040EA4C
:10BD0000012000B2ADF80A009DF81D009DF81C103E
:10BD100040EA012000B2ADF80C00BDF81000BDF8FB
:10BD20000810084400B2ADF81000BDF81200BDF8CC
:10BD30000A10084400B2ADF81200BDF81400BDF8B6
:10BD40000C10084400B2ADF81400BDF81000000A51
:10BD50008DF81800BDF81000C0B28DF81900BDF8BC
:10BD60001200000A8DF81A00BDF81200C0B28DF85A
:10BD70001B00BDF81400000A8DF81C00BDF814006B
:10BD8000C0B28DF81D00AA494968087806AB0622A2
:10BD9000114602F049F810B14FF0FF3051E7002092
:10BDA0004FE70146A248007A30B1012807D00228A7
:10BDB00009D003280FD10AE0FA2008800EE04FF4E2
:10BDC000FA7008800AE04FF47A70088006E04FF4B9
:10BDD000FA60088002E00020088000BF00BF002059
:10BDE000704701469248407A30B1012807D00228B6
:10BDF00008D003280CD108E0022008700BE00420D2
:10BE0000087008E00820087005E01020087002E0C3
:10BE10004FF0FF30704700BF8548C07C18B10878EC
:10BE20004006000E08700020F4E701468048C07A02
:10BE3000082817D2DFE800F01704070A0D101318BE
:10BE4000BC20088013E06220088010E02A200880CF
:10BE50000DE0142008800AE00A20088007E0052091
:10BE6000088004E000BF00BF0020088000BF00BFC2
:10BE70000020704701466E4890F8240010B14FF042
:10BE8000FF3070476A48C08908800020F9E7014602
:10BE900000200880401E704701464FF0FF30704779
:10BEA00001466348007A30B1012807D0022808D043
:10BEB00003280CD108E05F4808600BE05E4808608A
:10BEC00008E05E48086005E05D48086002E04FF069
:10BED000FF30704700BF0020FBE701465448407A1E
:10BEE00030B1012808D002280AD0032810D10BE075
:10BEF0004FF4804008800EE041F69C7008800AE014
:10BF00004FF48050088006E04FF40060088002E0A3
:10BF10004FF0FF30704700BF4548C07C10B1088823
:10BF2000401008800020F5E701464148007C087079
:10BF30000020704701463E48807A10B10120087009
:10BF400001E0002008700020704738B504463848EA
:10BF5000807A10B94FF0FF3038BD354A1268117C35
:10BF6000334A526810786B46022201F0C1FF10B1CB
:10BF70004FF0FF30F0E79DF801009DF8001040EA17
:10BF8000012000B220800020E6E72DE9FE4F0746A1
:10BF9000884692461D46DDF830B00026002424482D
:10BFA00090F8240010B1601EBDE8FE8F00202870BC
:10BFB0001F48807A10B94FF0FF30F5E71C48007C2D
:10BFC00010B94FF0FF30EFE71948007C00F0400057
:10BFD00008B1B01CC6B21648007C00F0200008B1C1
:10BFE000B01CC6B21248007C00F0100008B1B01CB2
:10BFF000C6B20F48007C00F0080008B1B01DC6B200
:10C000000B4A1268917A0A4A526810786B460222EB
:10C0100001F06EFF10B14FF0FF30C5E79DF8010051
:10C020009DF8001040EA0129B1450BDA0020BBE77A
:10C03000C802002000000343000083423333034260
:10C0400033338341FC4840684088B9EB600F17DD0B
:10C05000F94A1268517CF84A526810786B460122FE
:10C0600001F046FF10B14FF0FF309DE79DF8000052
:10C0700000F0100020B1FFF791F96FF0010093E795
:10C080005046FFF7EAFCEC4A1268D17AEA4A526855
:10C0900010786B46324601F02BFF10B14FF0FF30A5
:10C0A00082E799FBF6F0401E8BF800000020287014
:10C0B000B4422AD0E048007C00F0080028B3601C9D
:10C0C0001DF800001DF8041040EA012000B2A8F895
:10C0D0000000E01C1DF80010A01C1DF8000041EA43
:10C0E000002000B2A8F80200601D1DF80010201DFD
:10C0F0001DF8000041EA002000B2A8F804002878EA
:10C1000040F008002870A01D84B2B44213D0CA4881
:10C11000007C00F0400070B1601C1DF800001DF8AC
:10C12000041040EA012000B23880287840F0400036
:10C130002870A01C84B2B44213D0BF48007C00F029
:10C14000200070B1601C1DF800001DF8041040EACA
:10C15000012000B27880287840F020002870A01CD0
:10C1600084B2B44213D0B448007C00F0100070B127
:10C17000601C1DF800001DF8041040EA012000B208
:10C18000B880287840F010002870A01C84B20020ED
:10C190000AE7F8B504460F461646A74890F824006B
:10C1A00010B94FF0FF30F8BDA348807A10B94FF0B6
:10C1B000FF30F8E7A04A1268917A9F4A52681078D7
:10C1C0006B46022201F094FE10B14FF0FF30EAE717
:10C1D0009DF801009DF8001040EA0125A54203DA10
:10C1E00000203070401EDEE7934840684088B5EB81
:10C1F000600F17DD904A1268517C8F4A52681078A0
:10C200006B46012201F074FE10B14FF0FF30CAE717
:10C210009DF8000000F0100020B1FFF7BFF86FF0AC
:10C220000100C0E7E2B2844B1B68D97A824B5B689D
:10C2300018783B4601F05CFE10B14FF0FF30B2E7DA
:10C2400095FBF4F0401E30700020ACE701467A48C0
:10C2500080F82210002070477CB505467649496871
:10C26000087801AB04220D2101F042FE08B107203D
:10C270007CBD9DF80700C0F301109DF8041001F08B
:10C28000E00140EAE1008DF800009DF80700C0F3EE
:10C2900081009DF8051001F0E00140EAE1008DF811
:10C2A00001009DF8070000F003009DF8061001F062
:10C2B000E00140EAE1008DF8020000241CE01DF8D6
:10C2C000040018B9002045F8240013E05B4845F845
:10C2D000240006E055F82400594902F043FF45F8D0
:10C2E00024001DF80400401EC0B20DF80400002810
:10C2F000F0D100BF601CC4B2032CE0DB0020B7E724
:10C300002DE9FE4F06460F4600256846FFF7A4FFBD
:10C31000002442E056F8240057F82410A0EB010A4C
:10C32000BAF1000F01DB514601E0CAF100010846F5
:10C3300003F010F983464FF08F4102F045FF80462D
:10C340005DF82400002103F0DDF916D05DF824101B
:10C35000404602F039FF82464FF07E5102F0FCFE6B
:10C36000814629F0004A3748416A504603F0D4F923
:10C3700012D20120A04005430EE03248C169404678
:10C3800003F0C0F905D32F48016A404603F0C4F911
:10C3900002D20120A0400543641C032CBADB2846CE
:10C3A000BDE8FE8F2DE9FC5F06460F4600252249B9
:10C3B0004968087801AB03220D2101F099FD10B105
:10C3C0000720BDE8FC9F9DF8040000F01F008DF8D9
:10C3D00004009DF8050000F01F008DF805009DF891
:10C3E000060000F01F008DF80600002462E056F8F9
:10C3F000240057F82410A0EB010BBBF1000F01DB68
:10C40000594601E0CBF10001084603F0A3F84FF0D4
:10C410008F41009002F0D8FE814601A8005DC0B3B4
:10C420000849086803F09FF883465946064802F019
:10C43000CBFE80460FE00000C80200207B14AE3E19
:10C440001D5A843F5434010800B04C45FE49404613
:10C4500002F088FE804601A8005D401EC0B201A91E
:10C4600008550028F2D14146484602F0ADFE834609
:10C470004FF07E5102F070FE82462AF0004BF348E6
:10C480008169584603F048F913D20120A0400543C2
:10C490000FE0FFE7ED480169484603F033F905D3A3
:10C4A000EA484169484603F037F902D20120A0402A
:10C4B0000543641C032C9ADB284682E72DE9F04FE4
:10C4C00087B005460C46914601208DF810000020EB
:10C4D0008DF81100DE4A1268917CDD4A52681078AE
:10C4E00004AB022201F0A0FC20B14FF0FF3007B0F6
:10C4F000BDE8F08FC820F8F7C5F900208DF81000CE
:10C50000D34A1268D17BD24A5268107804AB012218
:10C5100001F08AFC10B14FF0FF30E8E7CC4A126816
:10C520005179CB4A5268107804AB012201F07CFCAF
:10C5300010B14FF0FF30DAE7C54A1268917CC44A67
:10C540005268107804AB012201F06EFC10B14FF07C
:10C55000FF30CCE7BE4A1268D17DBD4A52681078E0
:10C5600004AB012201F060FC10B14FF0FF30BEE7D8
:10C57000B74A12681179B64A5268107804AB0122A2
:10C5800001F052FC10B14FF0FF30B0E70C208DF8F5
:10C590001000AF4A12681179AD4A5268107804ABA6
:10C5A000012201F041FC10B14FF0FF309FE70F2056
:10C5B000F8F768F9A648806A407A8DF81000A44A16
:10C5C00012689178A24A5268107804AB012201F0F7
:10C5D0002BFC10B14FF0FF3089E79D48806A007A4C
:10C5E0008DF810009A4A12685178994A526810786A
:10C5F00004AB012201F018FC10B14FF0FF3076E7D8
:10C60000B9F1000F07D09248806A807A40F0E000CC
:10C610008DF8100004E08E48806A807A8DF8100052
:10C620008B4A126891798A4A5268107804AB0122C9
:10C6300001F0FAFB10B14FF0FF3058E7B9F1000FED
:10C6400007D08348806AC07A40F0E0008DF810007F
:10C6500003E07E48C07A8DF810007D4A1268D179D7
:10C660007B4A5268107804AB012201F0DDFB10B167
:10C670004FF0FF303BE7B9F1000F02D0C820F8F7C8
:10C6800001F940208DF81000714A12681179704A42
:10C690005268107804AB012201F0C6FB10B14FF0D4
:10C6A000FF3024E778208DF81000694A126851792C
:10C6B000674A5268107804AB012201F0B5FB10B153
:10C6C0004FF0FF3013E761498889F8F7DBF8002065
:10C6D0008DF810005E4A126851795D4A52681078F0
:10C6E00004AB012201F0A0FB10B14FF0FF30FEE6D9
:10C6F000574A1268917A564A5268107804AB02225F
:10C7000001F0F6FB10B14FF0FF30F0E69DF811009C
:10C710009DF8101040EA012B0C209BFBF0F0C6B2F4
:10C720000020A86068602860A06060602060824689
:10C7300065E0474A1268D17A454A5268107804ABDE
:10C740000C2201F0D5FB10B14FF0FF30CFE69DF881
:10C7500011009DF8101040EA012000B2ADF8080069
:10C760009DF813009DF8121040EA012000B2ADF8C8
:10C770000A009DF815009DF8141040EA012000B24F
:10C78000ADF80C00BDF90810206808442060BDF920
:10C790000A10606808446060BDF90C10A068084485
:10C7A000A0609DF817009DF8161040EA012000B225
:10C7B000ADF800009DF819009DF8181040EA01201E
:10C7C00000B2ADF802009DF81B009DF81A1040EA77
:10C7D000012000B2ADF80400BDF90010286808443B
:10C7E0002860BDF90210686808446860BDF904104B
:10C7F000A8680844A8600AF1010000F0FF0AB245E9
:10C8000097DB1248D0F800C02868C117090441EA34
:10C810001041070462460023384602F0FBFB324613
:10C820000023CDE9020102F0F5FB28600748D0F8AB
:10C8300000C06868C117090441EA10410704624654
:10C840000023384606E0000054E3853F54340108D5
:10C85000C802002002F0DEFB32460023CDE90201CF
:10C8600002F0D8FB6860FE48D0F800C0A868C11785
:10C87000090441EA1041070462460023384602F0E9
:10C88000C9FB32460023CDE9020102F0C3FBA860D8
:10C89000F348D0F804C02068C117090441EA1041E8
:10C8A000070462460023384602F0B4FB32460023F8
:10C8B000CDE9020102F0AEFB2060E948D0F804C0E7
:10C8C0006068C117090441EA104107046246002369
:10C8D000384602F09FFB32460023CDE9020102F008
:10C8E00099FB6060DE48D0F804C0A068C117090455
:10C8F00041EA1041070462460023384602F08AFBF1
:10C9000032460023CDE9020102F084FBA060A0685A
:10C91000002804DDA068A0F58030A06003E0A068D6
:10C9200000F58030A0600020E1E538B50446CD4830
:10C9300090F82400A04201D1002038BD24B3C9489A
:10C9400090F8250010B94FF0FF30F6E70020FEF711
:10C950005FFB0020FEF77EFCC249C88CFEF7DDFEBF
:10C9600000200090BF49496808786B4601222321C6
:10C9700001F05AFA0121BB4880F824100120FEF78B
:10C9800047FBFEF70BFD13E00020FEF741FBB54827
:10C99000007C0090B349496808786B460122232146
:10C9A00001F042FA0021AF4880F82410FEF7F6FCAF
:10C9B0000020C2E72DE9F04F8DB083460F460220DC
:10C9C0000C90A84890F8240020B10020FFF7ADFF9C
:10C9D000012600E0002603A8FFF7E3F905A8FFF70A
:10C9E00000FA01A8FFF721FA02A8FFF743FA9D48D1
:10C9F00090F80AA004A8FFF797FA002407E00022A5
:10CA000039465846FFF75AFD00B902E0641C022C73
:10CA1000F5DB00BF022C01D1002528E0002407E04F
:10CA2000012206A909A8FFF749FD00B902E0641C2C
:10CA3000022CF5DB00BF022C01D1002517E006A96E
:10CA40003846FFF75DFC00F0FF0809A95846FFF7DC
:10CA5000A9FC00F0FF090025B9F1000F01D145F054
:10CA60000105B8F1000F01D145F0020500BFFF201C
:10CA70007C490872FF217B484172C1724FF6FF71F9
:10CA8000C181FF218172017401210173BDF80C0085
:10CA9000FEF7D1FE9DF81400FEF78BFEBDF80400F2
:10CAA000FEF78FFDBDF80800FEF737FE5046FEF793
:10CAB0006CFB9DF81000FEF74FFD16B10120FFF74B
:10CAC00034FF28460DB0BDE8F08FF8B504460D469A
:10CAD000164616B94FF0FF30F8BD6248807A10B99B
:10CAE0004FF0FF30F8E720128DF80000E0B28DF82B
:10CAF00001009DF8010028445A4949684989884243
:10CB000002DD4FF0FF30E7E7564A1268117E554AC2
:10CB1000526810786B46022201F086F910B14FF08E
:10CB2000FF30D9E7EAB24F4B1B68597D4D4B5B682C
:10CB30001878334601F078F910B14FF0FF30CBE7A9
:10CB40000020C9E7F8B504460D46164616B94FF061
:10CB5000FF30F8BD4348807A10B94FF0FF30F8E756
:10CB600020128DF80000E0B28DF801009DF8010060
:10CB700028443C4949684989884202DD4FF0FF302A
:10CB8000E7E7384A1268117E364A526810786B46D9
:10CB9000022201F049F910B14FF0FF30D9E7EAB2B3
:10CBA000304B1B68597D2F4B5B681878334601F07A
:10CBB0009FF910B14FF0FF30CBE70020C9E72DE916
:10CBC000F04385B005460E4690469946254890F8B4
:10CBD000250020B14FF0FF3005B0BDE8F08316B955
:10CBE0004FF0FF30F8E7002423E0281B102801DD78
:10CBF000102000E0281B87B2321939462046FFF783
:10CC000064FF10B14FF0FF30E6E701AA3946204635
:10CC1000FFF798FF10B14FF0FF30DDE730193A46CB
:10CC200001A902F03AFA10B16FF00100D4E7E0195F
:10CC300084B2AC42D9DB4FEA28208DF8000008F01E
:10CC4000FF008DF80100074A1268917E054A52687C
:10CC500010786B46022201F0E7F840B104E00000D2
:10CC600054340108C80200204FF0FF30B4E701211E
:10CC70008A4880F82510A0F826900020ACE70146ED
:10CC8000864890F8240008700020704702464FF054
:10CC9000FF30704701464FF0FF307047F8B505464A
:10CCA0000F461446002C70D0B5F5FF5F01DDFF265E
:10CCB00005E0202D01DA012601E0C5F3471607B98A
:10CCC0000127282C02DD4FF0FF30F8BD7348407D6E
:10CCD00028BB724890F8240038B10020FFF725FEE9
:10CCE00001216E4880F8201003E000216B4880F895
:10CCF00020106A481630FFF754F868481830FFF7DC
:10CD000070F866481A30FFF790F864481C30FFF757
:10CD1000B1F86248817A81771F30FFF705F900206A
:10CD2000FEF776F90020FEF78BFC00208DF800005E
:10CD30005A4A12689178594A526810786B46012213
:10CD400001F072F810B14FF0FF30BEE740208DF8CF
:10CD50000000524A1268D17B504A526810786B46E4
:10CD6000012201F061F800B165E08DF800608DF8F6
:10CD700001704A4A1268117A484A526810786B4624
:10CD8000022201F051F808B155E047E00520F7F71D
:10CD900079FD4248407A072101EBC000C0B28DF80E
:10CDA00000003E4A1268D1793C4A526810786B46BE
:10CDB000012201F039F800B13DE020208DF800009B
:10CDC000012C03D100208DF801000EE0052C03DCBE
:10CDD00001208DF8010008E0142C03DC02208DF8FE
:10CDE000010002E003208DF801009DF801000721F9
:10CDF00001EB8010C0B28DF80100284A1268917CC6
:10CE0000264A526810786B46022201F00DF800B1F4
:10CE100011E0012121484175002056E71F4A1632D2
:10CE2000002103E0505C00B105E0491C0C29F9D356
:10CE30004FF0FF3049E7FF2018490872FF211748DB
:10CE40004172C1724FF6FF71C181FF21817201747D
:10CE5000012101730146887FFEF797F90F49C88ABF
:10CE6000FEF7E9FC0D49087EFEF7A3FC0B49488B51
:10CE7000FEF7A7FB0949888BFEF74FFC0749C87FDF
:10CE8000FEF76AFB054890F8200010B10120FFF77B
:10CE90004CFD002101484175002016E7C802002022
:10CEA00010B5C8234FF48062F74940F6F630FFF71B
:10CEB00086FE10BD10B586B00446F4A0006803904D
:10CEC000F3A000680290F3A000680190F2A000684F
:10CED000009004F0030003A9085C8DF8140003A877
:10CEE000C4F3C101405C8DF8150003A8C4F381119F
:10CEF000405C8DF8160004F0030002A9085C8DF870
:10CF0000100002A8C4F3C101405C8DF8110002A812
:10CF1000C4F38111405C8DF8120005AA032140F290
:10CF20002640FFF7D2FD18B14FF0FF3006B010BD1C
:10CF300004AA032140F22A40FFF7C7FD10B14FF0C9
:10CF4000FF30F3E7019805900098049004F0040086
:10CF500058B19DF8140040F001008DF814009DF8C0
:10CF6000100040F001008DF8100004F0200058B1CE
:10CF70009DF8150040F001008DF815009DF8110096
:10CF800040F001008DF8110004F4807058B19DF854
:10CF9000160040F001008DF816009DF8120040F0D8
:10CFA00001008DF8120005AA03214FF48860FFF7F5
:10CFB0008CFD10B14FF0FF30B8E704AA032140F216
:10CFC0003140FFF782FD10B14FF0FF30AEE7B348BC
:10CFD00004810020AAE71FB50446B048007A00F09B
:10CFE000030054F820000190AC48007A00F00400DF
:10CFF00010B1019840420190A848007AC0F3C100E6
:10D0000054F820000290A548007A00F0200010B1EA
:10D01000029840420290A148007AC0F3811054F86F
:10D02000200003909D48008900F4807010B103989F
:10D03000404203909A49019880FB0101800F40EA29
:10D04000810001909649029880FB0110820042EA1B
:10D05000917002909249039880FB0110820042EA8D
:10D06000917003900198000E8DF800000198000C5B
:10D070008DF801000198000A8DF802000198C0B2F5
:10D080008DF803006A4604214FF47470FFF71DFD0C
:10D0900018B14FF0FF3004B010BD0298000E8DF8AB
:10D0A00000000298000C8DF801000298000A8DF82B
:10D0B00002000298C0B28DF803006A4604214FF4C2
:10D0C0007570FFF702FD10B14FF0FF30E3E70398F2
:10D0D000000E8DF800000398000C8DF801000398F5
:10D0E000000A8DF802000398C0B28DF803006A466A
:10D0F00004214FF47670FFF7E8FCCCE770B588B0F8
:10D10000064601A8FEF7E9FEBDF804000021C903A8
:10D1100041EA5045C4036148007A00F0030056F824
:10D12000200005905D48007A00F0040010B10598D9
:10D13000404205905948007AC0F3C10056F82000DB
:10D1400006905648007A00F0200010B10698404240
:10D1500006905248007AC0F3811056F820000790DC
:10D160004E48008900F4807010B107984042079043
:10D170000598C117A0FB042301FB043100FB051037
:10D18000810041EA927005900698C117A0FB042324
:10D1900001FB043100FB0510810041EA927006900A
:10D1A0000798C117A0FB042301FB043100FB051005
:10D1B000810041EA927007900598000E8DF80800F2
:10D1C0000598000C8DF809000598000A8DF80A00F2
:10D1D0000598C0B28DF80B000698000E8DF80C0073
:10D1E0000698000C8DF80D000698000A8DF80E00C8
:10D1F0000698C0B28DF80F000798000E8DF8100049
:10D200000798000C8DF811000798000A8DF812009D
:10D210000798C0B28DF8130002AA0C214FF42570B4
:10D22000FFF753FC08B070BD30B585B004461DA2B1
:10D2300007CA02AB07C3C82C03DD4FF0FF3005B0AF
:10D2400030BDC82090FBF4F0401E85B2280A8DF84E
:10D250000000E8B28DF801006A46022140F2162073
:10D26000FFF733FC10B14FF0FF30E8E702AA0C21C2
:10D2700040F6C120FFF729FC10B14FF0FF30DEE788
:10D28000064884810020DAE7E03E01084CCD6C00BE
:10D290000CC92C003656760026466600F41D002088
:10D2A00009E3CA02FEF2ABC4AAF1DFDFBBAFDFDFE6
:10D2B0000146FC4880890880002070472DE9FC4722
:10D2C00006460F4606F0070010B1B7F5C86F03DD3C
:10D2D0004FF0FF30BDE8FC87384602F044F9814644
:10D2E000F14901F071FF80466846FEF77AFD9DF82E
:10D2F0000000022806D0042816D0082826D01028BE
:10D3000048D135E04FF08D41404601F02BFF81467A
:10D3100002F065F984B2E549404601F023FF8146F9
:10D3200002F05DF985B238E04FF08C41404601F0E3
:10D3300019FF814602F053F984B2DD49404601F0FD
:10D3400011FF814602F04BF985B226E04FF08B4188
:10D35000404601F007FF814602F041F984B2D54909
:10D36000404601F0FFFE814602F039F985B214E033
:10D370004FF08A41404601F0F5FE814602F02FF958
:10D3800084B2CD49404601F0EDFE814602F027F916
:10D3900085B202E04FF0FF309CE700BF20128DF80D
:10D3A0000400E0B28DF8050028128DF80600E8B2FE
:10D3B0008DF8070006F00100A0B101AA02214FF488
:10D3C000EA70FFF782FB10B14FF0FF3082E70DF1FA
:10D3D000060202214FF49270FFF777FB10B14FF075
:10D3E000FF3077E706F00200A0B101AA02214FF456
:10D3F000EC70FFF76AFB10B14FF0FF306AE70DF1F8
:10D40000060202214FF49470FFF75FFB10B14FF05A
:10D41000FF305FE706F00400A0B101AA02214FF43B
:10D42000EE70FFF752FB10B14FF0FF3052E70DF1F5
:10D43000060202214FF49670FFF747FB10B14FF040
:10D44000FF3047E7002045E738B50446002000904C
:10D4500004F0010020B19DF8000040F03000009081
:10D4600004F0020020B19DF8000040F00C00009094
:10D4700004F0040020B19DF8000040F0030000908B
:10D480006A4601214FF4A470FFF71FFB38BD38B581
:10D490000446012C01DA012402E0042C00DD0424FE
:10D4A000601EC0B200906A46012140F24F10FFF7A3
:10D4B0000CFB38BD38B50446052094FBF0F085B26E
:10D4C00028128DF80000E8B28DF801006A460221AA
:10D4D0004FF4EF70FFF7F9FA38BD38B50446052070
:10D4E00094FBF0F085B228128DF80000E8B28DF8B8
:10D4F00001006A4602214FF4ED70FFF7E6FA38BDED
:10D50000F8B505460E464FF47A7095FBF0F000FB37
:10D5100006F4200E8DF80000200C8DF80100200A82
:10D520008DF80200E0B28DF803006A4604214FF442
:10D53000AE70FFF7CAFAF8BD38B50446052094FB73
:10D54000F0F084B220128DF80000E0B28DF80100F6
:10D550006A4602214FF4AD70FFF7B7FA38BD38B50F
:10D560000446052094FBF0F084B220128DF80000F0
:10D57000E0B28DF801006A4602214FF4AC70FFF76B
:10D58000A4FA38BD38B5044614B94FF0FF3038BDA1
:10D590006A4604214FF45870FFF7D4FA10B14FF0E7
:10D5A000FF30F4E79DF8000000069DF8011040EA06
:10D5B00001409DF8021040EA01209DF80310084345
:10D5C00020600020E3E738B50446200E8DF8000007
:10D5D000200C8DF80100200A8DF80200E0B28DF8D1
:10D5E00003006A4604214FF45870FFF76EFA38BD05
:10D5F00038B5044614B94FF0FF3038BD6A460421EF
:10D600004FF47170FFF79EFA10B14FF0FF30F4E75E
:10D610009DF8000000069DF8011040EA01409DF8C9
:10D62000021040EA01209DF80310084300EB80003F
:10D63000800020600020E0E738B504461420B4FBE9
:10D64000F0F4200E8DF80000200C8DF80100200A67
:10D650008DF80200E0B28DF803006A4604214FF411
:10D660007170FFF732FA38BD38B5044664B1202036
:10D670008DF8000028208DF8010030208DF8020080
:10D6800038208DF8030004E0A3220421684601F04D
:10D69000F2FC6A46042140F69E20FFF716FAFDF7D9
:10D6A0007DFE38BDF41D00200000484300004046C8
:10D6B0000000C045000040450000C04438B50446A5
:10D6C00064B1C0208DF80000C2208DF80100C42094
:10D6D0008DF80200C6208DF8030004E08B2204219F
:10D6E000684601F0C8FC6A46042140F69820FFF71E
:10D6F000ECF9FDF753FE38BD3EB504466CB1FDA113
:10D70000D1E900208968CDE9002002916A4609210B
:10D710004FF49760FFF7D9F93EBDF9A2D2E90010A6
:10D720009268CDE9010200916A4609214FF49760A1
:10D73000FFF7CBF9F0E73EB5044602208DF8000074
:10D74000CA208DF80100E3208DF8020009208DF831
:10D7500003006A4604216820FFF7B7F9A3208DF87B
:10D76000000004F0400048B1C0208DF80100C8203E
:10D770008DF80200C2208DF8030006E0A3208DF88A
:10D7800001008DF802008DF8030004F4C07048B168
:10D79000C4208DF80400CC208DF80500C6208DF83B
:10D7A000060006E0A3208DF804008DF805008DF832
:10D7B0000600A3208DF807008DF808008DF80900F9
:10D7C0006A460A2140F6A720FFF77FF904F003001C
:10D7D00018B120208DF8000002E0D8208DF800005C
:10D7E0006A46012140F6B620FFF76FF904F02000E9
:10D7F00018B10120FFF780FF02E00020FFF77CFF57
:10D8000004F4C07008B304F4807060B1B2208DF8E5
:10D8100000008B208DF80100B6208DF802009B20BF
:10D820008DF803000BE0B0208DF8000080208DF80B
:10D830000100B4208DF8020090208DF803006A46A4
:10D84000042140F6A220FFF740F904F0010020B3C4
:10D85000F8208DF800006A4601214FF40B60FFF7B5
:10D8600034F9FA210720FFF729FD0720FFF7ECFD27
:10D870000120FFF70CFE6420FFF71CFE4FF4FA7046
:10D88000FFF72BFEC821A148FFF73AFE2820FFF73B
:10D8900053FE0A20FFF763FE08E0D8208DF8000051
:10D8A0006A4601214FF40B60FFF70FF904F0020004
:10D8B00018B1D9208DF8000002E0D8208DF80000C2
:10D8C0006A46012140F23D70FFF7FFF804F00400C2
:10D8D00018B10120FFF7F2FE02E00020FFF7EEFE94
:10D8E00004F0100018B10120FFF7BEFE02E0002096
:10D8F000FFF7BAFE44F0080085494881FDF74EFD68
:10D9000000208349887304F0400018B10846807BEA
:10D91000801D887304F4C07020B17D48807B801D19
:10D920007B49887304F0140020B17948807B103063
:10D930007749887304F0030020B17548807B001D8F
:10D940007349887300203EBD0146714840890880B4
:10D95000002070472DE9F0410446E07800F0C00651
:10D96000E07800F03F05607800F0010098B1EF101A
:10D970002846E91705EB5171C910A5EBC101491CF7
:10D9800001F0FF086248006820B161484146026822
:10D990003846904700BF607800F0080030B15C481E
:10D9A000406818B1B0115A4A516888470020BDE854
:10D9B000F08110B586B0044656A207CA03AB07C370
:10D9C00057A207CA8DE80700012C09D0022C0ED1FE
:10D9D00003AA0B2140F68220FFF777F806B010BDAE
:10D9E0006A460B2140F68220FFF76FF8F6E74FF00A
:10D9F000FF30F3E72DE9F04F8DB007468846154616
:10DA00009946DDE9166B0024002030804049887B70
:10DA10005A4605A9FEF7BDFB18B1601E0DB0BDE862
:10DA2000F08F3B48807A00F01400002861D09DF808
:10DA3000140000069DF8151040EA01409DF81610EC
:10DA400040EA01209DF81710084328609DF818004F
:10DA500000069DF8191040EA01409DF81A1040EAAE
:10DA600001209DF81B10084368609DF81C0000060B
:10DA70009DF81D1040EA01409DF81E1040EA01206B
:10DA80009DF81F100843A8609DF8200000069DF82F
:10DA9000211040EA01409DF8221040EA01209DF843
:10DAA00023100843E86004F11000C4B22868001491
:10DAB0000190686800140290A86800140390E86858
:10DAC0000014049001984043029901FB010003995E
:10DAD00001FB0100049901FB010ABAF1706F02DB3E
:10DAE000BAF1885F22DDFDF759FC00203080401E2E
:10DAF00094E721E0B8AAB38DB4980D355D0000001D
:10DB0000B8AAAAAAB088C3C5C700000009E3CA0220
:10DB1000F41D0020D8B1B9F38BA391B609B4D90094
:10DB2000DAB1B9F38BA391B6DAB4DA00B6F9000032
:10DB300040F48070308000BF3448807A00F04000AC
:10DB400020B305A9601C085C095D40EA012000B211
:10DB5000A8F8000005A9E01C095C05AAA01C105C3F
:10DB600041EA002000B2A8F8020005A9601D095C86
:10DB7000201D105C41EA002000B2A8F80400A01D9E
:10DB8000C4B2B6F9000040F0080030801F48408958
:10DB900000F4C07008B305A9601C085C095D40EA88
:10DBA000012000B2388005A9E01C095C05AAA01C70
:10DBB000105C41EA002000B2788005A9601D095C74
:10DBC000201D105C41EA002000B2B880A01DC4B244
:10DBD000B6F9000040F0700030800C48807A00F008
:10DBE000030018B105A90819FFF7B4FE4846FDF770
:10DBF00034FF002012E7014604480160002070470E
:10DC0000014602484160002070470000F41D0020DA
:10DC100008B501210820F5F7D9F94FF44040ADF8D7
:10DC2000000010208DF8030003208DF802006946E3
:10DC3000F748F4F70FFF08BD10B5F548001D006860
:10DC400020F07040F249091D08600846006840F065
:10DC5000405008600120EF490860EF48D0F83C01CF
:10DC600008B9002010BD0120EA49091F0860F6F735
:10DC7000E9FD0020E849C1F8BC01E64880380068A9
:10DC800008B10020EEE70120F6F7DCFD0020E149B5
:10DC9000091F08600120E5E710B5DD48001D006898
:10DCA00020F07040DA49091D08600846006840F01D
:10DCB000405008600020D749091F0860D649C1F8C4
:10DCC000BC010120F6F7BEFD0120D249091F086002
:10DCD000D149C1F8BC01F6F7B5FD10BD10B500245F
:10DCE000CB48001D006820F07040C949091D08603C
:10DCF0000846006840F0004008600120C5490860FF
:10DD0000F6F7A0FD0120C449C1F8B801F6F79AFD65
:10DD10000AE0601CC4B2322C03DDFFF7BDFF002017
:10DD200010BD0120F6F78EFDBA4880380068002843
:10DD3000EFD1B849091F08600120F1E710B50020B4
:10DD4000B449091F0860B248001D006820F0704007
:10DD5000AF49091D08600846006840F0405008605F
:10DD60000020AD49C1F8BC010120F6F76BFD012090
:10DD7000A849091F0860F6F765FD0020A649C1F80B
:10DD8000B80110BD10B50020A249091F0860A048C5
:10DD9000001D006820F070409D49091D086008467C
:10DDA000006840F04050086001209B49C1F8BC0168
:10DDB000F6F748FD01209749091F0860F6F742FD74
:10DDC00000209549C1F8B80110BD70B504469048CF
:10DDD000001D006820F070408D49091D086008464C
:10DDE000006840F04050086000208A49091F086020
:10DDF000002516E0E009874908606006040E01204E
:10DE0000F6F720FD01208449C1F8B801F6F71AFDA4
:10DE100000208049091F08600120F6F713FD681CE7
:10DE2000C5B2082DE6DB70BD2DE9F04105460E4672
:10DE300017469846FFF700FF10B90120BDE8F081B2
:10DE40006906080EFFF7C1FFFFF748FF18B9FFF793
:10DE500023FF0120F2E73046FFF7B7FFFFF73EFF51
:10DE600000240BE018F80400FFF7AFFFFFF736FFC0
:10DE700018B9FFF711FF0020E0E7641CBC42F1DB9A
:10DE8000FFF70AFF0020D9E770B505460024604877
:10DE9000001D006820F070405D49091D08600846BB
:10DEA000006840F000400860002617E00020594953
:10DEB000091F08600220F6F7C5FC01205649C1F889
:10DEC000B8016006040E53488038006808B1601C31
:10DED000C4B20220F6F7B6FC701CC6B2082EE5DB11
:10DEE00015B1FFF72BFF01E0FFF74CFF204670BD97
:10DEF0002DE9F04106460F4614461D46FFF79CFEED
:10DF000010B90120BDE8F0817106080EFFF75DFF32
:10DF1000FFF7E4FE18B9FFF7BFFE0120F2E738462D
:10DF2000FFF753FFFFF7DAFEFFF786FE012101EB53
:10DF30004601C8B2FFF749FFFFF7D0FE0DE0012C04
:10DF400004D10020FFF7A0FF287003E00120FFF7B5
:10DF50009BFF28706D1C601EC4B2002CEFD1FFF730
:10DF60009BFE0020CEE770B505460E460024FFF765
:10DF700063FE2846FFF729FF641CFFF7AFFE30461B
:10DF8000FFF723FF641CFFF7A9FEFFF755FE691C8E
:10DF9000C8B2FFF71AFF641CFFF7A0FE0020FFF7CE
:10DFA00073FF0446FFF778FE204670BD2DE9F0416F
:10DFB0000746884615461E460024FFF73DFE3846B4
:10DFC000FFF703FFFFF78AFE4046FFF7FEFEFFF76D
:10DFD00085FEFFF731FE791CC8B2FFF7F6FEFFF7AA
:10DFE0007DFE00BF0DE0681EA04204D00120FFF7B7
:10DFF0004BFF305503E00020FFF746FF3055601C13
:10E00000C4B2AC42EFDBFFF747FE2046BDE8F0812B
:10E01000000C0140BC812142008021422DE9F041E9
:10E0200080460D4616461F460024FFF705FE404673
:10E03000FFF7CBFEFFF752FE2846FFF7C6FEFFF7BD
:10E040004DFE00BF06E0385DFFF7BFFEFFF746FE5E
:10E05000601CC4B2B442F6DBFFF71EFE0120BDE82F
:10E06000F08170B505460E46144631462846FFF746
:10E070007AFF2070012070BD37B504460D4602AB13
:10E08000012229462046FFF7C9FF3EBD2DE9F8438E
:10E090000746884614461D46089E6A46414638464D
:10E0A000FFF7DFFF28B3601CFF2101FA00F0C4F185
:10E0B00008012944491EFF220A41104300F0FF09CC
:10E0C000C5F1080006FA00F0C6B2C4F10700064127
:10E0D0009DF8000000EA090000909DF80000304320
:10E0E00000909DF8002041463846FFF7C5FFBDE887
:10E0F000F8830020FBE7F8B506460F4614461D4698
:10E100006A4639463046FFF7ACFF2DB10120A040EA
:10E110009DF80010084305E00120A0409DF8001084
:10E1200021EA0000C0B200909DF800203946304638
:10E13000FFF7A2FFF8BD0000014691F90020002A78
:10E1400001DD00201EE091F90020002A01DA042000
:10E1500018E091F90120002A01DD012012E091F977
:10E160000120002A01DA05200CE091F90220002AA2
:10E1700001DD022006E091F90220002A01DA0620E2
:10E1800000E00720704770B505462846FFF7D4FF2A
:10E190000446E81CFFF7D0FF44EAC00084B2A81D83
:10E1A000FFF7CAFF44EA801084B2204670BD70B504
:10E1B00088B002A905A8FEF7FDFB0446072C3CD158
:10E1C00001A8FDF76DFE059801F0C4F90646019916
:10E1D00000F0C8FF054601F0E9F90590069801F046
:10E1E000B9F90646019900F0BDFF054601F0DEF9D8
:10E1F0000690079801F0AEF90646019900F0B2FFCB
:10E20000054601F0D3F9079005A8FEF7E4FE68463D
:10E21000FDF763FEBDF80010029848430290BDF878
:10E220000010039848430390BDF800100498484339
:10E23000049002A8FEF762FF00BF08B070BD2DE990
:10E24000F04304460D46DDE907670021012041E067
:10E25000DFF804C63CF81080A0F1010CDFF8F89557
:10E2600029F81C8009F1160C3CF81090A0F1010C63
:10E27000DFF8E48508F1160828F81C9008F1160C60
:10E280003CF81090A0F1010C08F1160828F81C9039
:10E2900008F1160C3CF81090A0F1010C08F11608DA
:10E2A00028F81C9008F1160C3CF81090A0F1010C15
:10E2B00008F1160828F81C9008F1160C3CF810908C
:10E2C000A0F1010C08F1160828F81C9000F1010CCF
:10E2D0000CF0FF000A28BBDBDFF87CC5ACF812406D
:10E2E000ACF82850ACF83E20ACF85430ACF86A607A
:10E2F000ACF880700021002008E0DFF85CC53CF934
:10E3000010C0614400F1010C0CF0FF000A28F4DB9E
:10E310004FF00A0C91FBFCFC0FFA8CFCDFF83885FF
:10E32000A8F814C0002100200AE0DFF82CC50CF189
:10E33000160C3CF910C0614400F1010C0CF0FF0018
:10E340000A28F2DB4FF00A0C91FBFCFC0FFA8CF868
:10E35000DFF804C5ACF82A80002100200AE0DFF8CD
:10E36000F8C40CF12C0C3CF910C0614400F1010C14
:10E370000CF0FF000A28F2DB4FF00A0C91FBFCFCCA
:10E380000FFA8CF8DFF8D0C4ACF8408000210020F0
:10E390000AE0DFF8C4C40CF1420C3CF910C061443F
:10E3A00000F1010C0CF0FF000A28F2DB4FF00A0C20
:10E3B00091FBFCFC0FFA8CF8DFF89CC4ACF856809B
:10E3C000002100200AE0DFF890C40CF1580C3CF961
:10E3D00010C0614400F1010C0CF0FF000A28F2DBD0
:10E3E0004FF00A0C91FBFCFC0FFA8CF8DFF868C4C4
:10E3F000ACF86C80002100200AE0DFF85CC40CF16E
:10E400006E0C3CF910C0614400F1010C0CF0FF00EF
:10E410000A28F2DB4FF00A0C91FBFCFC0FFA8CF897
:10E42000DFF834C4ACF88280BDE8F08338B5044628
:10E43000032302226B21D0200094FFF727FE38BD72
:10E4400038B50446022304221B21D0200094FFF794
:10E450001DFE38BD38B50446022304221C21D020FD
:10E460000094FFF713FE38BD10B50446234606227C
:10E470006B21D020FFF73FFE10BD10B5F74B0122F6
:10E480007521D020FFF792FDF448007810BD10B53B
:10E49000FFF7F3FF682801D1012010BD0020FCE741
:10E4A00010B50446234605226A21D020FFF723FE3B
:10E4B00010BD10B50446234601223721D020FFF7B6
:10E4C0001AFE10BD10B50220FFF7B0FF0120FFF7C4
:10E4D000B7FF0020FFF7BEFF0020FFF7C5FF0020B9
:10E4E000FFF7DEFF0020FFF7E4FF10BD38B5002086
:10E4F0000090DB4908706B46012275216820FFF708
:10E50000F7FCD8A001F0C4FA9DF8000068280ED0EE
:10E5100000BFDD48006800F4E060DC490843001DEE
:10E52000D9490860BFF34F8F00BF00BFFEE7FDF77A
:10E53000C4F900283CD17820FCF727FE10B9C9A007
:10E5400001F0A6FA7820FDF707F810B9D0A001F085
:10E550009FFAC820FDF7E1F810B9D7A001F098FAAA
:10E56000FEF79EFC10B9DEA001F092FAE948FFF731
:10E570000AFE0446FEF79EFC10B9E7A001F088FAF7
:10E5800040F27310FFF7D7F810B9EDA001F080FA50
:10E59000C820FEF749FE10B9F3A001F079FAFFF7A1
:10E5A00006FE0120FEF7C1F910B9F8A001F070FADB
:10E5B0000120AB49087038BD2DE9F04F8FB00CA891
:10E5C000FB490DAB08AACDE90010FA49FA48FFF75C
:10E5D00011FAF748008800F4807000287ED008986F
:10E5E00000F0B8FF04464FF09D4100F0EDFDF34907
:10E5F0000860099800F0AEFF04464FF09D4100F01E
:10E60000E3FDEF4908600A9800F0A4FF04464FF0CC
:10E610009D4100F0D9FDEB4908600B9800F09AFF8E
:10E6200004464FF09D4100F0CFFDE7490860E34804
:10E6300001684FF0804000F095FD0690E1480168C8
:10E64000069800F08FFD8246DD4801684FF040409B
:10E6500000F088FD0690DC480168069800F082FD15
:10E660008346514600F026FD079000F0EBFF804600
:10E6700001F06CFE06464FF06632D44B00F089FE86
:10E68000044601F023F8D2490860CE4801684FF0F3
:10E69000804000F067FD0390CA480168039800F0CD
:10E6A00061FD8246C64801684FF0404000F05AFDC7
:10E6B0000390C3480168039800F054FD8346514617
:10E6C00000F04AFD81464FF07E5100F0F3FC044615
:10E6D00000F0B8FFCDE90401B84800E081E001682E
:10E6E0004FF0804000F03EFD8346B5480168584633
:10E6F00000F038FD8146B34801684FF0804000F0DB
:10E7000031FD8346B0480168584600F02BFD824633
:10E71000494600F0CFFC044600F094FF0746DDE9CF
:10E72000042302F05BF84FF06632A84BCDE90601F6
:10E7300000F02FFE054600F0C9FFA6490860A24878
:10E740000168006800F00EFD03909E4801680068B3
:10E7500000F008FD02909A480168006800F002FD90
:10E76000834696480168006800F0FCFC5946019019
:10E7700000F0A0FC8246029900F0EEFC814603996D
:10E7800000F0EAFC044600F05DFFCDE904018E488C
:10E7900001688A48006800F0E5FC82468948016803
:10E7A0008748006800F0DEFC8346514600F082FC9A
:10E7B00081464FF0804100F0D5FC044600F042FF56
:10E7C0000746DDE9042302F009F84FF066327F4B7B
:10E7D000CDE9060100F0DDFD054600F077FF7E493A
:10E7E00008600FB0BDE8F08F2DE9F05F4221D02026
:10E7F000FFF7B9FB05464121D020FFF7B4FB05EB3D
:10E800000024204600F0A6FE82464FF08E4150467E
:10E8100000F082FF05D24FF08F41504600F09CFC83
:10E8200082466E49504600F0CFFC834600F00AFF56
:10E8300080466B4A6B4B00F005FD064600226A4B92
:10E8400000F0A7FD044600F041FF8246504600F06C
:10E85000ADFEBDE8F09F0000121E0020041E002047
:10E86000320000206D70755F7365745F73656E7341
:10E870006F7220636F6D706C657465202E2E2E2E66
:10E880002E2E0D0A000000000CED00E00000FA053D
:10E890006D70755F636F6E6669677572655F6669D7
:10E8A000666F20636F6D706C657465202E2E2E2E42
:10E8B0002E2E0D0A000000006D70755F7365745F89
:10E8C00073616D706C655F7261746520636F6D70EC
:10E8D0006C657465202E2E2E2E2E2E0D0A00000043
:10E8E000646D705F6C6F61645F6D6F74696F6E5F94
:10E8F0006472697665725F6669726D7761726520B0
:10E90000636F6D706C657465202E2E2E2E2E2E0D6D
:10E910000A00000020030020646D705F7365745F5F
:10E920006F7269656E746174696F6E20636F6D706C
:10E930006C657465202E2E2E2E2E2E0D0A000000E2
:10E94000646D705F656E61626C655F66656174754C
:10E95000726520636F6D706C657465202E2E2E2E8F
:10E960002E2E0D0A00000000646D705F7365745FE9
:10E970006669666F5F7261746520636F6D706C6548
:10E980007465202E2E2E2E2E2E0D0A006D70755FB2
:10E990007365745F646D705F737461746520636F19
:10E9A0006D706C657465202E2E2E2E2E2E0D0A0095
:10E9B00000030020FA020020F402002010030020CF
:10E9C00014030020180300201C03002066A64C40FE
:10E9D00008030020040300200C0300200000AA43C9
:10E9E000A4703D0AD7434240000024401FB50121D6
:10E9F0000846F4F7EBFA01210820F4F7E7FA4FF4A0
:10EA00000070ADF80C0048208DF80F0003A91548E0
:10EA1000F4F720F809210120F4F732F94FF40070DF
:10EA2000019000208DF808000C208DF809000120CD
:10EA30008DF80A0001A8F3F72DFF17208DF80000CC
:10EA400002208DF8010001208DF802008DF80300EE
:10EA50006846F3F780FC1FBD10B5FFF7D9F8FFF744
:10EA600031FD10BD000C01402DE9F05F05460C465C
:10EA7000FD4EFE4F4FF07C584FF00109FC480168F5
:10EA8000204600F069FB8346FA480168584600F0CA
:10EA900069FB8246F8480168504600F00BFBF649D6
:10EAA0000860F6484168304600F056FB8246F3485D
:10EAB0008168504600F050FBF1490860EF48C0689B
:10EAC00080F000404860ED48C06880F000408860F9
:10EAD0000846C7600868E749096800F043FB8246BA
:10EAE000E6480168504600F0E5FAE4490860E44968
:10EAF0004868E049096800F035FB8246DF48416814
:10EB0000504600F0D7FADD494860DD498868D949A8
:10EB1000096800F027FB8246D8488168504600F01B
:10EB2000C9FAD6498860D649C868D249096800F050
:10EB300019FB8246D148C168504600F0BBFACF4964
:10EB4000C860CD480168284600F006FBCD49086042
:10EB5000484600F008FD8246C8480168504600F06B
:10EB600001FBC9490860484600F0FDFC8246C348E5
:10EB70008168504600F0F6FAC4490860484600F043
:10EB8000F2FC8346C0480168584600F0EBFA824622
:10EB9000414600F08FFABE49086008460168BA484D
:10EBA000006800F011FBBB490860B9480168B7482C
:10EBB000006800F009FBB8490860B3480068B7492D
:10EBC0000860484600F0CFFC8246AC484168504699
:10EBD00000F0C8FAB2490860B0480168AD48006862
:10EBE00000F0C0FA8246A5480168504600F0B7FA26
:10EBF000A2490860AA480168A648006800F0B2FA75
:10EC000082469E484168504600F0A9FA9B494860F8
:10EC1000A2480168A048006800F0A4FA824697481C
:10EC20008168504600F09BFA944988609C480168CE
:10EC30009948006800F096FA82469048C1685046AC
:10EC400000F08DFA8D49C8608E48016891480068CF
:10EC500000F088FA824688480168504600F02AFA97
:10EC600085490860874801688B48006800F07AFA97
:10EC700082467F480168504600F01CFA7C490860D3
:10EC800008460168204600F067FA864908607A481D
:10EC90000068BDE8F09F2DE9F05F05460C46824E06
:10ECA00074480168204600F05DFA83467F48016899
:10ECB000584600F0FFF9804631464FF07E5000F094
:10ECC0004BFA8246414600F04DFA07463146284647
:10ECD00000F048FA8146394600F0ECF973490860C3
:10ECE00008460068BDE8F09F2DE9F05F05460C4638
:10ECF0005D4E5E4F4FF07C584FF001096C48016843
:10ED0000204600F029FA83465A480168584600F028
:10ED100029FA824667480168504600F0CBF96549F8
:10ED2000086065484168304600F016FA824662483D
:10ED30008168504600F010FA604908605E48C0687B
:10ED400080F0004048605C48C06880F00040886007
:10ED50000846C76008684749096800F003FA824618
:10ED600055480168504600F0A5F9534908605349D9
:10ED700048684049096800F0F5F982464E48416804
:10ED8000504600F097F94C4948604C498868394929
:10ED9000096800F0E7F9824647488168504600F06C
:10EDA00089F9454988604549C8683249096800F0D1
:10EDB000D9F982464048C168504600F07BF93E4987
:10EDC000C8603C480168284600F0C6F93C49086024
:10EDD000484600F0C8FB824637480168504600F0BC
:10EDE000C1F938490860484600F0BDFB8246324808
:10EDF0008168504600F0B6F933490860484600F093
:10EE0000B2FB83462F480168584600F0ABF98246B2
:10EE1000414600F04FF92D4908600846016829482D
:10EE2000006800F0D1F92A4908602848016826489E
:10EE3000006800F0C9F9274908602248006826499F
:10EE40000860484600F08FFB82461B4841685046E8
:10EE500000F088F9214908601F4801681C480068D3
:10EE600000F080F982463BE06F12833AA69B443B58
:10EE70003C03002030030020380300206003002002
:10EE8000981E002040030020440300204803002077
:10EE90004C0300205003002054030020580300209E
:10EEA0005C030020340300200AD7A33C7003002039
:10EEB0007C03002078030020A0030020A81E00206F
:10EEC0008003002084030020880300208C0300209E
:10EED0009003002094030020980300209C0300204E
:10EEE00040480168504600F03AF93E4908603E4803
:10EEF00001683E48006800F035F9824639484168AB
:10EF0000504600F02CF937494860394801683948C3
:10EF1000006800F027F9824632488168504600F0C8
:10EF20001EF930498860304801683248006800F0B6
:10EF300019F982462B48C168504600F010F929495A
:10EF4000C8602D4801682948006800F00BF9824626
:10EF50002A480168504600F0ADF828490860264864
:10EF600001682448006800F0FDF8824624480168E2
:10EF7000504600F09FF82249086008460168204684
:10EF800000F0EAF81F4908601C480068BDE8F09FDF
:10EF90002DE9F05F05460C461B4E1C4801682046D3
:10EFA00000F0E0F883461A480168584600F082F8FD
:10EFB000804631464FF07E5000F0CEF88246414602
:10EFC00000F0D0F807463146284600F0CBF88146DD
:10EFD000394600F06FF80E49086008460068BDE841
:10EFE000F09F0000A00300209C030020900300205D
:10EFF0009803002094030020800300207803002061
:10F000007C030020740300200AD7A33C30030020B7
:10F01000B00300202DE9F0410024061B254671F1C4
:10F02000000605DA01240027D0EB070067EB010199
:10F03000161E73F1000605DA0027D2EB0702012540
:10F0400067EB030300F088FB86460E4617469C4696
:10F05000AC4204D00025D0EB050E65EB010624B1CF
:10F060000020D2EB000760EB030C704631463A46B5
:10F070006346BDE8F081D2B201E000F8012B491EE1
:10F08000FBD270470022F6E710B513460A46044645
:10F090001946FFF7F0FF204610BD30B504460020AA
:10F0A000034600E05B1C934203D2E05CCD5C401B56
:10F0B000F8D030BDF0B480EA0102D40F4200B2EBC8
:10F0C000410F02D20246084611464A0042D0C30D03
:10F0D000DDB2C1F3C752AD1A202D35DAC1F31601E6
:10F0E00041F4000204B15242C5F1200602FA06F1D1
:10F0F0002A411044B3EBD05F23D0C4B1012DA0EB63
:10F10000C35009DCF0BC4FF0004202EAC352DBB24C
:10F1100000F5000000F08BBB400000F1807000EBB8
:10F12000C350A0F1807040EAD170490009E049085D
:10F1300041EAC071A0EBC35000F50000400800EBAD
:10F14000C350F0BC00F06ABB6142012202EB4101F6
:10F15000001BF6E7F0BC704781F00041AAE780F0A1
:10F160000040A7E780EA010210B502F0004340002A
:10F1700022D04A001FD0010E01EB1261C0F35600ED
:10F18000C2F3560240F4000042F40002A0FB022049
:10F1900000047F39140400D0401C50EA124001D40E
:10F1A0004000491EC2B20C0604EBD010401C4008BF
:10F1B000802A02D003E0002010BD20F001000029C9
:10F1C00000DA0020184310BD30B480EA010202F0DA
:10F1D000004530F0004221F0004013D090B1C30D43
:10F1E000D40DC2F31601C0F31600E41A41F4000175
:10F1F00040F400027D34914201D3641C00E04900D8
:10F20000002C02DA30BC002070474FF400000023CD
:10F21000914201D3891A034340084FEA4101F7D1D3
:10F2200051B1914202D14FF0004105E002D24FF0BE
:10F23000010101E06FF0010103EBC450284430BC30
:10F2400000F0ECBA2DE9FE4F804681EA0300C00FC2
:10F250000C46009021F0004123F00045B8EB02007D
:10F26000A94105D24046214690461C460B4602461F
:10F2700023F00040104347D0270DC7F30A00C3F323
:10F280000A510290401A019040286BDAC3F3130030
:10F2900040F4801B0098924620B10023D2EB030A71
:10F2A00063EB0B0B01985946C0F14002504600F049
:10F2B00084FA06460D4650465946019A00F09CFADB
:10F2C00010EB08006141002487EA115284EAE773D9
:10F2D0001A4340D0009A62B3019A012A4FEA0752BA
:10F2E00015DC001B61EB02014FF0004202EA0752FD
:10F2F000CDE90042001C41F5801132462B4600F05A
:10F30000D3FA03B0BDE8F08F40462146F9E7001B71
:10F3100061EB0201001C41F5801300185B412018CD
:10F32000A2F5001747EB030140EAD570B6196D410D
:10F3300011E06D084FEA360645EAC0754FEA0752FC
:10F34000001B61EB0201001C41F5801149084FEAE6
:10F3500030000019514132462B4603B0BDE8F04F52
:10F3600000F093BA0098012240000023D0EB020283
:10F3700063EBE073009821464FEAE074B8EB0000BD
:10F3800061EB0401E9E783F000435BE781F00041B2
:10F3900058E72DE9FE4F81EA030404F0004421F010
:10F3A000004100944FF0000B23F0004350EA0104A9
:10F3B0005ED052EA03045BD0C3F30A54C1F30A558A
:10F3C0002C44A4F2F3340194A0FB0254C1F31301C2
:10F3D00041F48011C3F3130343F4801301FB02448F
:10F3E00000FB034E840A970A44EA815447EA835794
:10F3F000A4FB076802958D0A05FB07854FEA932C4D
:10F4000004FB0C542705029D4FEA065847EA1637BD
:10F41000B5EB08056EEB070C870E920E47EA8117D5
:10F4200042EA8312A7FB0201B6EB0B0164EB000476
:10F430002B0D43EA0C335E1844EB1C50DA46514660
:10F44000E7FB0201C5F313044FEA0B3343EA1453FD
:10F450004FEA0432019C43EA0603A4F10C0402942F
:10F46000009CCDE900B400F01FFA03B0BDE8F08FB6
:10F4700000200146F9E72DE9F04D81EA030404F08C
:10F48000004B21F0004514464FF0000A23F00041E4
:10F4900050EA050220D054EA01021DD0C5F30A57F4
:10F4A0000246C5F31303C1F31300C1F30A5640F437
:10F4B000801543F48013A7EB0608101BD64608F20C
:10F4C000FD3873EB050002D308F1010801E0921842
:10F4D0005B41B8F1000F03DA00200146BDE8F08D72
:10F4E00000204FF48011064684460EE0171B73EB94
:10F4F000050705D3121B63EB050306434CEA010C19
:10F5000049084FEA300092185B4150EA0107EDD1FB
:10F5100052EA030012D082EA040083EA050108439C
:10F5200005D0101BAB4106D20122002306E00022C9
:10F530004FF0004302E06FF0010253101AEB060097
:10F540004CEB085110EB0A0041EB0B01BDE8F04D0C
:10F5500000F09BB9C10F80EAE0700844CA07962307
:10F56000002100F064B996230022114600F05FB933
:10F570000EB5C10F80EAE0700844CA07002140F2CE
:10F5800033438DE80E000A460B4600F08DF903B0B8
:10F5900000BD0EB540F2334102910021CDE90011CA
:10F5A0000A460B4600F080F903B000BD00F00042AF
:10F5B00020F00040C10DC0F3160040F400007F2988
:10F5C00001DA00207047962903DCC1F19601C8409A
:10F5D00001E096398840002AF4D04042704720F07C
:10F5E0000040C10DC0F3160040F400007F2901DA8D
:10F5F00000207047962903DCC1F19601C84070478E
:10F6000096398840704770B5C1F30A5201F0004541
:10F610000024C1F3130140F2FF3341F480119A42F8
:10F6200001DA002070BD40F233439A42A2F2334225
:10F6300003DC524200F0D0F800E090402C43F1D0BF
:10F64000404270BD00F0004230F000400AD0C10DD1
:10F6500001F56071C0F3160042EA0151C20840078B
:10F6600011437047002001467047000030B5041E6A
:10F6700071F1000404DB4FF00044404264EB0101EF
:10F68000141E73F1000405DB1C464FF00043524288
:10F6900063EB04038B4208BF824230BD30B5041EC9
:10F6A00071F1000404DB4FF00044404264EB0101BF
:10F6B000141E73F1000405DB1C464FF00043524258
:10F6C00063EB0403994208BF904230BD01F0004350
:10F6D00030B421F0004150EA010206D00A0DA2F533
:10F6E0006072C1F31301002A02DC30BC00207047B5
:10F6F000440F44EAC104C100E01830BC00EBC25022
:10F7000000F08CB8002801DBC0F10040002901DBCB
:10F71000C1F1004181427047002801DBC0F1004087
:10F72000002901DBC1F100418842704730B50B462A
:10F73000014600202022012409E021FA02F59D4221
:10F7400005D303FA02F5491B04FA02F52844151EF5
:10F75000A2F10102F1DC30BD2DE9F05F0546002089
:10F7600092469B4688460646814640241BE0284632
:10F7700041464746224600F02FF853465A46C01AE3
:10F78000914110D311461846224600F016F82D1A62
:10F7900067EB01084F4622460120002100F00DF8DA
:10F7A00017EB00094E41201EA4F10104DFDC48469E
:10F7B00031462A464346BDE8F09F202A04DB203A22
:10F7C00000FA02F1002070479140C2F1200320FAB4
:10F7D00003F3194390407047202A04DB203A21FAB2
:10F7E00002F00021704721FA02F3D040C2F120025A
:10F7F0009140084319467047202A06DBCB17203A70
:10F8000041FA02F043EAE07306E041FA02F3D04025
:10F81000C2F1200291400843194670470029A8BF51
:10F820007047401C490008BF20F00100704710B429
:10F83000B0FA80FC00FA0CF050EA010404BF10BCDE
:10F84000704749B1CCF1200421FA04F411FA0CF10B
:10F8500018BF012121430843A3EB0C01CB1D4FEA44
:10F8600000614FEA102042BF002010BC704700EB3F
:10F87000C35010440029A4BF10BC7047401C49006D
:10F8800008BF20F0010010BC704710B5141E73F1C2
:10F89000000408DA401C41F1000192185B411A4350
:10F8A00001D120F0010010BD2DE9F04D92469B469C
:10F8B00011B1B1FA81F202E0B0FA80F22032904642
:10F8C000FFF77BFF04460F4640EA0A0041EA0B01BE
:10F8D00053465A46084313D0114653EA010019D043
:10F8E000C8F140025046FFF777FF05460E465046E6
:10F8F00059464246FFF761FF084305D0012004E066
:10F9000020463946BDE8F08D0020054346EAE07602
:10F910002C4337430A986305E40AA0EB0800002251
:10F92000FD0A44EA47540A3002D500200146E9E7BF
:10F93000010510196941DDE9084500196941BDE873
:10F94000F04DA2E770B521F0004303430CD0C1F3A2
:10F950000A550024D5EB040564EB0403D617AD1A51
:10F96000B34102DB0020014670BD201841EB02517B
:10F9700070BD0000064C074D06E0E06840F0010352
:10F9800094E8070098471034AC42F6D3F2F7D4FB62
:10F99000C84D0108E84D01082DE9F04D00231A4635
:10F9A0001B1A8A4103DB00200146BDE8F08DC1F33C
:10F9B0000A52C1F3130141F480154FF0000BD10737
:10F9C00002D100186D41521E0027044640F2FF117B
:10F9D000384601EB620A3E468046024600204FF45C
:10F9E0008011FFF7F9FEC2197141BB1846EB010007
:10F9F000B4EB030C75EB000C04D3E41A65EB0005C3
:10FA000017460E46241908F101006D41804634283E
:10FA1000E3DDF91946EB0600091BA84103D24FF0BC
:10FA2000FF32134601E0002213461BEB070046EBB2
:10FA30000A51BDE8F04DFFF728BF70B58C1810F8DB
:10FA4000015B15F0070301D110F8013B2A1106D123
:10FA500010F8012B03E010F8016B01F8016B5B1E3D
:10FA6000F9D12B0705D40023521E0DD401F8013B18
:10FA7000FAE710F8013BCB1A921C03E013F8015B84
:10FA800001F8015B521EF9D5A142D8D3002070BD08
:10FA90000FB4054B10B503A9044A029800F0ACFB63
:10FAA00010BC5DF814FB0000B74A0008B403002046
:10FAB000490050EAC12018BF04204A0D18BF40F089
:10FAC000010040F2FF72B2EB515F08BF40F002004C
:10FAD000012808BF052070472DE9F74F144694B060
:10FAE0000021C4E902111599079121F00045C94987
:10FAF0008D4206DC1599C4E9000117B00020BDE86D
:10FB0000F08FC549DFF814A3A9423CDD0799C44E24
:10FB10000029C44FC44A1599534619DDFFF733FC39
:10FB2000554506D0C14AC24BFFF72DFCC4E9000180
:10FB30000AE04FF0D352BE4BFFF725FC32463B465E
:10FB4000FFF721FCC4E9000117B00120BDE8F08FE8
:10FB5000FFF778FB554506D0B44AB54BFFF772FB6B
:10FB6000C4E900010AE04FF0D352B14BFFF76AFB42
:10FB700032463B46FFF766FBC4E9000117B04FF081
:10FB8000FF30BDE8F08FAB49A942159978DB21F031
:10FB9000004183468846A84AA84BFFF7FAFB00229B
:10FBA000A74BFFF74FFBFFF72EFD0990FFF7E0FC97
:10FBB00006460F469C4A5346FFF7EBFB43465A4620
:10FBC000FFF7E4FB80468A46984A994B304639460F
:10FBD000FFF7DFFB2A0D01250B9242465346FFF744
:10FBE000D5FB032DC4E9000139D00B98C1F30A51AC
:10FBF000401A05EB45111139814230DA9148C3466C
:10FC0000784400EB0510CDF80CA00C90D0E900234F
:10FC100030463946FFF7BDFB02460B46049106907D
:10FC200058460399FFF7AFFB80468A4602460B46CB
:10FC300058460399FFF7A7FB049B069AFFF7A3FB1F
:10FC400083460C9803913946D0E902233046FFF7EA
:10FC5000A0FB5A46039BFFF796FB6D1CBDE7079878
:10FC60000028A2BF099817B0BDE8F08F616881F045
:10FC700000416160099817B04042BDE8F08FFFE78E
:10FC800084461598C1F31301C0F30A50A0F2F53071
:10FC90004FEA601800F01F06C6F120001390002004
:10FCA0000690079041F4801E05206D4676B1664AA5
:10FCB00008EB00017A4452F8213002EB8101B34095
:10FCC0004A68139922FA01F1194305E05F4908EBEC
:10FCD0000002794451F82210A1FB0E27A1FB0C135E
:10FCE0001A449A4234BF0123002303EB070A05EBB1
:10FCF0008003D3E901B70F448F4234BF01210021B3
:10FD000093448B4411B1934502D903E0934501D24A
:10FD1000012100E00021C3E901B7514445F820105A
:10FD2000011EA0F10100C1DC0298059F00F1005006
:10FD3000800F12900298DDE903568000FFF718FC4F
:10FD4000834628460D91FFF724FC6FF01D02FFF754
:10FD5000F9FDCDE90E013046FFF71BFC6FF03D02C7
:10FD6000FFF7F0FD80468A463846FFF712FC6FF039
:10FD70005D02FFF7E7FD0746424653461191FFF744
:10FD800061FADDE90E23FFF75DFA5A460D9BFFF796
:10FD900059FA00250E465A4628460D9BFFF7F3FAFE
:10FDA000DDE90E23FFF7EFFA42465346FFF7EBFA81
:10FDB0003A46119BFFF7EAFADFF898A0244A534627
:10FDC000FFF7E7FA07468846234A244B3146284680
:10FDD000FFF7DFFA3A464346FFF734FA074688460C
:10FDE0004FF0A842534631462846FFF7D2FA3A462A
:10FDF0004346FFF727FA159A12F0004F04D0129AE3
:10FE000081F0004152421292C4E90001129817B0E9
:10FE1000BDE8F08FFB21E93F7CD90240FB21F93F8F
:10FE20007370032E8A19A33B000040543163621A99
:10FE300061B4D03DFB21394183C8C96D305FE43FD7
:10FE40000000E03F4C500000C84F0000AA4F0000E7
:10FE5000182D4454FB21F93D3326A611460B113CC5
:10FE60002DE9F0414F1E00EBC7010446D1E9000126
:10FE700015461E4637F006020DD02A463346FFF7D8
:10FE800088FA7F1E04EBC703D3E90023FFF7DAF9F2
:10FE900037F00602F1D1022F25D0042F13D0062F00
:10FEA00018BFBDE8F0812A463346FFF772FAD4E95D
:10FEB0000A23FFF7C7F92A463346FFF76AFAD4E95F
:10FEC0000823FFF7BFF92A463346FFF762FAD4E961
:10FED0000623FFF7B7F92A463346FFF75AFAD4E963
:10FEE0000423FFF7AFF92A463346FFF752FAD4E965
:10FEF0000223FFF7A7F92A463346FFF74AFAD4E967
:10FF00000023BDE8F041FFF79DB900002DE9F04D59
:10FF100004468CB0904821F00047164698460D469E
:10FF20000991874206DA20462946FFF76CFB002834
:10FF300000F0AE808948B8421CDC09980028BCBF9C
:10FF400085F0004588F00048854A864B20462946C2
:10FF5000FFF71CFA04460D46324643468248834961
:10FF6000FFF711FA22462B46FFF76CF900260446EC
:10FF70000D46B04622462B4610461946FFF709FAB1
:10FF80008B46824602460B46FFF703FA024608906C
:10FF900077480B46009106217844FFF761FFCDE9D1
:10FFA0000310744806217844009B089AFFF758FF15
:10FFB00052465B46FFF7EDF9CDE9051052465B4628
:10FFC00020462946FFF7E5F907910090DDE9031087
:10FFD000DDE90532FFF736F9079B009AFFF7D9F9FB
:10FFE00032464346FFF72EF952465B46FFF7D1F9FA
:10FFF00032464346FFF726F980460E465E4A5F4B7F
:020000040801F1
:1000000007990098FFF7C5F942463346FFF71AF9FA
:1000100082468B4622462B46FFF714F980464F480E
:100020000E46B84214985BDCFFF7A2FA0746424638
:1000300033460591FFF706F9CDE9011042463346F4
:1000400010461946FFF7A5F9DDE90132FFF713FA6B
:1000500052465B46FFF797F922462B46FFF796F983
:100060000122FFF76FFC3A46059BFFF78FF9044624
:100070000D460998022101EAA070C0F10100FFF7C6
:1000800077FA0CB022462B46BDE8F04DFFF781B958
:100090001498401C384320430BD01498012812D0E8
:1000A0000CB022462B46BDE8F04D00203449FFF746
:1000B000E2B90CB025F000432246BDE8F04D002027
:1000C0003049FFF7D8B920462946FFF7F1FC04284C
:1000D00008BF00F073F820460CB02946BDE8F08D4B
:1000E000012802BF40460CB0BDE8F08D00270B464A
:1000F0003A4620462946FFF749F952465B46FFF744
:1001000045F904460D464246334600201C49FFF798
:10011000B2F983463A46884633461046FFF739F926
:100120000022184BFFF78EF806468A4622462B46D9
:1001300038464146FFF72DF932465346FFF782F81D
:100140005A464346FFF725F90CB03A464346BDE808
:10015000F04DFFF777B800000000303E2894E53FEF
:10016000182D4454FB21E93F075C143326A6813C3B
:100170007C4D00009E4D0000635555555555D53FAB
:100180000000F0BF0000F03F002213461046014976
:10019000FFF771B90000F03F0122FFF7D3BBFFF773
:1001A00051B80022134610461146FFF764B940F2D9
:1001B000013200204FF0E041FFF7C4BB024A0020AB
:1001C0001107FFF7BFBB000001FDFFFF02E008C8F9
:1001D000121F08C1002AFAD170477047002001E0C1
:1001E00001C1121F002AFBD17047000001490860BD
:1001F00070470000B80300202DE9FF4F89B09B46EF
:100200000446002506E025280BD05A460B99904756
:10021000641C6D1C20780028F5D10DB02846BDE87F
:10022000F08F0027B8460122474900E0074314F841
:10023000013F203B02FA03F00842F7D120782E2834
:1002400019D114F8010F47F004072A280ED06FF0D7
:100250002F022078A0F1300109290CD808EB880181
:1002600002EB410100EB0108641CF2E70A98641CF0
:1002700050F8048B0A9020780028CED0642808D04B
:10028000692806D075281ED05A460B9990476D1CD8
:1002900058E00A994FF00A0901C90A91002802DAC8
:1002A00040422D2102E0390504D52B218DF8201084
:1002B000012103E0F90704D02021F7E78A4608AEC0
:1002C0000DE00021FAE70A994FF00A0901C90A91E5
:1002D000F7E74946FFF72AFA303106F8011D0028F2
:1002E000F7D1ADEB060000F12009780701D44FF0FB
:1002F0000108C84502DDA8EB090000E000208046A7
:10030000002706E008A85A46C05D0B9990476D1C6F
:100310007F1C5745F6DB04E030205A460B99904786
:100320006D1CB8F10001A8F10108F5DC05E016F834
:10033000010B5A460B9990476D1CB9F10001A9F1C8
:100340000109F4DC641C65E7092801002DE9F04D82
:100350008D4F21F0004A86B005460C46BA452ADB8F
:10036000AAEB070028430AD08848824501DC1AD14D
:10037000CDB106B02846BDE8F04DFFF70DBF844A69
:10038000844B2846FFF705F807460E46824A834B02
:1003900028462146FEF7FDFF06B03A463346BDE843
:1003A000F04DFEF74FBF0120FFF720FF06B0BDE87C
:1003B000F04DFFF7F6BE7A48824542DABAF1795F2E
:1003C0000BDA2846FFF774FB042808BFFFF7F6FE98
:1003D000284606B02146BDE8F08D2A460B46104659
:1003E000FEF7D7FF834602466E480E460B460621AF
:1003F0007844FFF735FD5A463346FEF7CAFF80467C
:1004000069488A465A46334604217844FFF728FD56
:100410005A463346FEF7BDFF00223B46FEF712FF69
:1004200002460B4640465146FFF725F82A4623462A
:10043000FEF7AFFF06B02A462346BDE8F04DFEF7B3
:1004400001BF284624F0004100223D463B46FEF70E
:100450009DFF4FF0FF32FFF775FA064602465348FC
:100460000F460B4606217844FFF7FAFC32463B461E
:10047000FEF78FFFCDE900014D4832463B4604218F
:100480007844FFF7EDFC32463B46FEF782FF002240
:100490002B46FEF7D7FE834602913046394600F0E0
:1004A00057FF804643480D46504517DCDDE9000103
:1004B0005A46029BFEF7DFFF42462B46FEF769FFD6
:1004C00042462B46FEF7BEFE0122FFF73BFA304ABA
:1004D000304BFEF758FF304A304B4CE04FF0000AEB
:1004E00052460B464046FEF7ADFECDE9031052469C
:1004F0002B4610461946FEF74CFF32463B46FEF7A8
:1005000045FFDDE90332FEF7B6FF06460F46DDE99B
:1005100000015A46029BFEF7AEFF8346009101227E
:1005200030463946FFF70EFA194A1A4BFEF72EFFEE
:1005300006460F46012240462946FFF703FA5A466F
:10054000009BFEF726FF32463B46FEF71CFF0646A1
:100550000F46012250462946FFF7F4F90E4DDFF809
:1005600058802A464346FEF711FF32463B46FEF7C7
:100570000DFF2A464346FEF709FF002CD8BF81F045
:10058000004106B0BDE8F08D0000F03F0000F07FB4
:10059000075C143326A6913C182D4454FB21F93FE7
:1005A0000000E03FE4460000FA4600006E4600000E
:1005B000844600003333EF3FFB21E93F2DE9F84F3C
:1005C00004460D4621F0004000917349814211DC40
:1005D0007249884201DC06D12CB120462946BDE88B
:1005E000F84FFFF7D9BD6E48002DCCBF6D496E495D
:1005F000BDE8F88F6D49814211DD6D498142D8BF58
:100600004FF0FF366DDD20462946FFF751FA0428EA
:1006100008BFFFF7D3FD20462946BDE8F88F65499E
:10062000654F25F00045814233DD6449814219DD83
:10063000002632464FF0804320462946FEF702FE50
:1006400080468A46012220462946FFF77BF9002290
:100650003B46FEF798FE42465346FEF70CFF044623
:100660000D463EE001260022BA463B46204629467A
:10067000FEF7E8FD80460F460022534620462946F5
:10068000FEF781FE42463B46FEF7F5FE04460D4668
:1006900027E04B4981421BDDDFF828A1022600221A
:1006A000534620462946FEF774FE00223B46FEF7DD
:1006B000C9FD80460F460022534620462946FEF7D4
:1006C00062FE42463B46FEF7D6FE04460D4608E073
:1006D000032622462B4600203B49FEF7CCFE04466B
:1006E0000D4622462B4610461946FEF752FE8B4613
:1006F000824602460B46FEF74CFE0746024633484A
:1007000088460B4606217844FFF7AAFB52465B4613
:10071000FEF73FFE82462E488B463A464346052169
:100720007844FFF79DFB3A464346FEF732FE024609
:100730000B46002E504659460CDAFEF783FD224642
:100740002B46FEF726FE01B022462B46BDE8F04FB1
:10075000FEF71CBEFEF776FD22462B46FEF719FE7D
:100760001C4A7A4402EBC603D3E90023FEF70BFED2
:1007700022462B46FEF707FE174A7A4402EBC603D1
:10078000D3E90023FEF702FE009A002AB8BF81F0E9
:100790000041BDE8F88F0000000010440000F07F29
:1007A000182D4454FB21F93FFB21F9BF0000DC3F29
:1007B0000000203E0000F33F0000F03F0000E63F55
:1007C000008003400000F83F0000F0BF86440000B6
:1007D00044440000E2430000AA4300002DE9F04D2C
:1007E0009446CCF1000423F000464CEA0404594F2F
:1007F00046EAD4749A46884621F00042BC4206D8A4
:10080000454240EA050442EAD474BC4204D9BDE83A
:10081000F04D6246FFF7C3BCAAF14055A5F17F65D4
:1008200055EA0C040BD0022404EAAA744A4DDFF8FE
:100830002CE144EAD87452EA000B04D00CE0BDE885
:10084000F04DFFF7BBBE002C14BF012CBDE8F08DAE
:10085000022C30D0032C32D056EA0C0B0AD0BE4208
:1008600020D1BA4209D126F0804622F08042334698
:10087000114617E000291ADB25E0DFF8E4B0FB445D
:10088000002C04BFDBE90001BDE8F08D012C02BFA4
:10089000DBE9000181F00041BDE8F08D022C0AD0B7
:1008A000032C0CD0BA4212D1B8F1000F0BDA2A484F
:1008B0002C49BDE8F08D28462B49BDE8F08D28462F
:1008C0007146BDE8F08D24482849BDE8F08D921BA3
:1008D00012153C2AC4BF204F244E10DCBAF1000F81
:1008E000BEBF12F13C0F00273E4608DB6246FEF712
:1008F000C2FD21F00041FFF761FE07460E4694B1AC
:10090000012C08BF86F000460DD0194A194B022C65
:100910003846314615D0FEF736FD2A46BDE8F04D83
:10092000114BFEF730BD0022134638463146FEF724
:100930009DFE04BF0220FFF759FC38463146BDE852
:10094000F08DFEF720FD2A46BDE8F04D064BFEF780
:100950001DBD00000000F07F182D4454FB2109C08C
:10096000C6430000FB21F9BFFB210940FB21F93FF1
:10097000075C143326A6A13C2DE9F04D1D460C461C
:1009800098B0174621F0004123F00043002814BF1F
:100990004FF0010C4FF0000C0CEB440CFE4A0CEB3A
:1009A00002064FEA620C66452BD33E0018BF0126B3
:1009B00006EB45061644F94A964222D3F84A53EA12
:1009C000070C02D0944205D148B918B00020114656
:1009D000BDE8F08D002808BF4FF0000C01D04FF0AB
:1009E000010C0CEB440212F5001F0AD8002F14BFB3
:1009F0004FF0010C4FF0000C0CEB450212F5001FFC
:100A000007D918B03A462B462146BDE8F04DFFF70E
:100A1000C6BB0022DFF88CA3002CB8BF534526DAF2
:100A2000DFF884C36345A8BF022220DADFF870C371
:100A30009C451CDCDFF874C30CEB235CBCF1140F89
:100A400008DDCCF1340627FA06FC0CFA06F6BE42A5
:100A50000DD108E05FB9CCF1140623FA06FC0CFABC
:100A600006F69E4203D10CF00102C2F1020251EAE5
:100A7000000C19D1002D17DA002C18BF022A01D062
:100A8000012A07D00220FFF7B1FB18B0BDE8F04DF6
:100A9000FFF77ABB0220FFF7A9FBFFF775FB18B041
:100AA00081F00041BDE8F08DB7F1000C6CD15345E9
:100AB00025D104F1804212F5801201BF00280020E8
:100AC000B74918B008BFBDE8F08DB548884207DCCB
:100AD000002DA1BF6046294618B0BDE8F08D07E0A3
:100AE000281E05DA80F0004118B06046BDE8F08DA0
:100AF000AF497944D1E9000118B0BDE8F08DDFF8C5
:100B0000A0C2634525D1002D1FDA19B1514512D17C
:100B1000D8B909E0002840F0EC82A24A214618B07A
:100B200062F31E01BDE8F08D0020214618B060F38D
:100B30001E01BDE8F08D08DA18B02346BDE8F04D7F
:100B4000024600206146FEF796BC18B02146BDE87B
:100B5000F08D514518DAB5F1804F0DD0A5F1005C4C
:100B6000BCF1FF5C10D1B4F1000C0DDB18B0614694
:100B7000BDE8F04D00F0ECBB234618B00246BDE8DE
:100B8000F04D1946FEF705BC060024F0004C3BD1A1
:100B9000D9B1514533D1002C06DD002DA1BF002075
:100BA000514618B0BDE8F08D002C01DD002D1BDB97
:100BB000002C13DA002D11DB012A4FF0000014BFC6
:100BC00078497C4918B0BDE8F08D022A18BF002C86
:100BD0000AD0012A08D1002C06DA0AE0002CB8BF9E
:100BE000002D11DA012A04D0002018B00146BDE81A
:100BF000F08D18B000204FF00041BDE8F08DA1F15C
:100C00004050B0F17F601AD0012000EBE47050EA50
:100C1000020421D0624C521E4FF0000B104304BF5F
:100C20004FF0000B644C654883427CDD644A6548A4
:100C300093421FDD884217DB002D25DB37E0002CB7
:100C400000DA4AB1022A0CBF01204FF0FF3018B081
:100C5000BDE8F04DFEF78CBC0120FFF7C7FA18B0D5
:100C6000BDE8F04DFFF79DBA4D4A8A4202DC002DE7
:100C70000ADC1CE0814202DA002D18DA04E0484B5D
:100C8000994220DD002D12DD0220FFF7AFFAFFF7B9
:100C90008EFA05460E460022534658462146FEF778
:100CA00078FB18B066F31E012846BDE8F08D0220DF
:100CB000FFF79CFAFFF782FA0A46214618B062F362
:100CC0001E01BDE8F08D002230466146FEF75BFB59
:100CD00080460E466FF00102FEF734FE4FF05532AB
:100CE000394BFEF753FB42463346FEF752FB0022D8
:100CF000364BFEF74BFB8246424633460491104684
:100D00001946FEF746FB5246049BFEF742FB8A4615
:100D100000904FF0C0422E4B40463146FEF739FB63
:100D20002C4A2B4B00E027E0CDE906015146009804
:100D3000FEF72FFB82460191274A284B4046314659
:100D4000FEF727FB5246019BFEF71DFB82460B4632
:100D500002460591DDE90601FEF774FADDE9062396
:100D6000002688463046FEF70EFB5246059BFEF7EE
:100D70000DFB024600F07EB90020B1F5801F07DAB6
:100D8000352230466146FEF7DDFD06466FF0340041
:100D900000EB215024E00000FFFF1F00FFFF0F00C9
:100DA0000000F03F0000F07F0000404301FCFFFF27
:100DB000524100000000F0FF0000F0BF0000E041E1
:100DC0000000F043FFFFEF3F5555D53F0000E03FE7
:100DD0004715F73FFE822B6544DF5DF80BAE543EAE
:100DE000A0F2FF300190C1F3130040F07F6141F0A9
:100DF00040510291FE498842D8BF002004DDFD49E0
:100E00008142C8BF012001DD0D9008E000200D9057
:100E10000198401C01900298A0F580100290029960
:100E2000F54878440B910D9900EBC100D0E90023FF
:100E30000F9330460A920B99FEF7A5FACDE9060109
:100E4000DDE90A2130460F9BFEF7FCF902460B460E
:100E50000020EA49FEF70FFB059102460B46009081
:100E6000DDE90601FEF795FA1490E5488A464FF051
:100E7000000878440299006812904FF0005040EA50
:100E800061010D980F9B01EB804000F50021099155
:100E90000A9A1298FEF777FA32460B9BFEF776FA1B
:100EA00042465346FEF775FA0646029140465146C1
:100EB000099B129AFEF76DFADDE90623FEF766FA42
:100EC0003246029BFEF75FFA059B009AFEF761FA35
:100ED0000091149A0490534610461946FEF759FAA9
:100EE00006460246C7480B46029106217844FEF7A3
:100EF000B7FFCDE90510029B324610461946FEF7B2
:100F000048FADDE90532FEF744FA059106465346F4
:100F100040461946149AFEF795F9009B049AFEF78D
:100F200038FA3246059BFEF78DF9CDE905104246A9
:100F3000534610461946FEF72CFA0022B24B029196
:100F40000A90FEF77FF9DDE90532FEF77BF90E46E0
:100F50004246AD4B4046FEF716FA029B0A9AFEF750
:100F600012FADDE90532FEF711FA424602910A90C3
:100F7000334610465146FEF70CFACDE906015346BA
:100F8000149A02990A98FEF704FA8A4602903346A8
:100F9000424600990498FEF7FCF95346029AFEF780
:100FA00051F982460B4602460591DDE90601FEF73E
:100FB00049F9DDE90623002088460646FEF7E3F9F5
:100FC0005246059BFEF7E2F9824609914FF06042D6
:100FD0008E4B30464146FEF7DCF9049006918C4A70
:100FE0008A4B50460999FEF7D4F982460291894A04
:100FF000894B30464146FEF7CCF95246029BFEF73C
:1010000021F9864B7B440D9A03EBC203D3E90023FD
:10101000FEF718F90E9007910198FEF7A9FA0591CD
:10102000DDE9061382460E9A0498FEF70BF97C4A16
:101030007A440D9B02EBC303D3E900230093029291
:10104000FEF700F95246059BFEF7FCF8002688469D
:1010500052463046059BFEF796F9009B029AFEF732
:1010600092F9069B049AFEF78EF9079B0E9AFEF7FB
:101070008DF9024600200B46029038462946FEF7BD
:1010800088F9824601912B4638461946029AFEF7A6
:101090007AF932464346FEF77CF95246019BFEF749
:1010A000D1F807468A463246434629460298FEF75B
:1010B00070F905460E463A465346FEF7C3F8594ABC
:1010C0008846914221DBA8EB020353EA000210D1CB
:1010D0002A463346FEF757F9CDE90401524A534BED
:1010E00038465146FEF7AEF8DDE90423FEF7D6FA9E
:1010F00021D20220FFF77AF8FFF759F80A46214675
:1011000018B062F31E01BDE8F08D494B28F0004293
:101110009A4210D3474A08EB020353EA00027FF4D5
:10112000C6AD2A463346FEF72EF93A465346FEF739
:10113000B5FA7FF6BCAD0022019228F000403E498E
:101140003E4A01EB2051824223DA481C4FF48011C1
:1011500021FA00F040443A4AC0F30A517A44394B2C
:10116000A1F2FF31CB4020EA0303C0F3130040F4A7
:101170008010C1F11401C84012680190B8F1000F4D
:10118000BCBF4042019028463146FEF7FCF80546B8
:101190000E462A46334638465146FEF753F84FF07E
:1011A00000084246284B40460591FEF7F2F8CDE98B
:1011B0000601264A264B40460599FEF7EAF80091BB
:1011C00002902A46334640460599FEF7DCF83A4637
:1011D0005346FEF7DBF81F4A1F4BFEF7DAF8009B79
:1011E000029AFEF72FF80746884602460B4635E07E
:1011F0008E9803007AB60B009A3D00000000F03F85
:10120000D23D0000003D00000000084009C7EE3F4D
:10121000FD033ADCF5015B14E02F3EBED83B000035
:101220009C3B000000009040FE822B654715973CD8
:1012300000CC904000346F3F01FCFFFF0000E03F16
:10124000E83A0000FFFF0F00432EE63F396CA80C80
:10125000615C20BEEF39FAFE422EE63FDDE9060171
:10126000FDF7F0FFDDE9062305460E46FEF78BF895
:101270003A464346FEF78AF80F462A463346009020
:1012800010461946FEF785F8824602462E488846E3
:101290000B4605217844FEF7E3FD52464346FEF730
:1012A00078F82A463346FEF771F880468A463B4670
:1012B00028463146009AFEF76CF83B46009AFDF747
:1012C000C1FF0691009000224FF0804340465146F6
:1012D000FEF759F80F460C904246534628463146D1
:1012E000FEF757F83B460C9AFEF7C5F8069B009AA6
:1012F000FEF749F82A463346FEF745F80022134B1D
:10130000FEF744F8054601980E4601EB005108151A
:10131000002810DC28463146019AFEF713FBFEF741
:10132000C7FB042808BFFEF749FF28463146019A4B
:10133000FEF708FB05460B4618B02A4658462146DC
:10134000BDE8F04DFEF725B8883900000000F03FF9
:101350002DE9F04106460F46FEF71EFB041E0D4622
:1013600018BF0120284320F00040C0F17F6000F149
:10137000E040C00F0ED0301C18BF0120384320F0D1
:101380000040C0F17F6000F1E040C00F04BF0120C9
:10139000FEF72CFF20462946BDE8F08110B5164B1C
:1013A00021F00042012486B09A4203DC0022134659
:1013B00000941CE0114B9A4208D140B94FF0010053
:1013C000FEF714FFFEF7EDFE06B010BD03DBFEF7DF
:1013D000E3FE06B010BD02AAFEF77EFB00F001009E
:1013E000A4EB40000DF1080C00909CE80F00FEF704
:1013F0008DFD06B010BD0000FB21E93F0000F07F2D
:1014000000000000000000000000000000000000DC
:101410003F400000000000000000300040003000AD
:101420004000000009000BC03D000BC03D0009005A
:1014300018C024407FE0224031800000180024C002
:101440001B000D803240018003801C4027401C801F
:101450000740004010006000000000000000000095
:101460000000000000001F802040402000004020BD
:1014700020401F8000000000090006001F800600B9
:1014800009000000040004003F8004000400000084
:1014900000100060000000000000000004000400D4
:1014A00004000400040000000000004000000000F0
:1014B00000000000002001C00600380040000000CD
:1014C0001F802040204020401F800000000010406E
:1014D0003FC000400000000018C0214022402440CE
:1014E0001840000010802040244024401B80000051
:1014F00002000D0011003FC0014000003C8024406C
:1015000024402440238000001F8024402440344095
:10151000038000003000200027C0380020000000B9
:101520001B802440244024401B8000001C0022C05B
:10153000224022401F800000000000000840000000
:101540000000000000000000046000000000000037
:10155000000004000A00110020804040090009003A
:10156000090009000900000000004040208011002F
:101570000A00040018002000234024001800000086
:101580001F802040274029401F400000004007C026
:1015900039000F0001C0004020403FC024402440DB
:1015A0001B8000001F802040204020403080000031
:1015B00020403FC0204020401F80000020403FC00E
:1015C00024402E4030C0000020403FC024402E0068
:1015D000300000000F0010802040224033800200C5
:1015E00020403FC0040004003FC020402040204075
:1015F0003FC02040204000000060202020203FC04D
:101600002000200020403FC024400B0030C020407C
:1016100020403FC020400040004000C03FC03C0090
:1016200003C03C003FC0000020403FC00C402300EE
:101630003FC020001F802040204020401F8000002D
:1016400020403FC024402400180000001F8021409B
:10165000214020E01FA0000020403FC02440260081
:1016600019C0004018C024402440224031800000AE
:10167000300020403FC020403000000020003F806C
:10168000004000403F80200020003E0001C00700D5
:1016900038002000380007C03C0007C038000000B8
:1016A000204039C0060039C02040000020003840EA
:1016B00007C0384020000000304021C0264038409C
:1016C00020C00000000000007FE04020402000001B
:1016D000000070000C00038000400000000040206B
:1016E00040207FE0000000000000200040002000BB
:1016F000000000000010001000100010001000108A
:101700000000000040000000000000000000028017
:101710000540054003C0004020003FC00440044095
:1017200003800000000003800440044006400000E5
:1017300000000380044024403FC0004000000380BC
:101740000540054003400000000004401FC0244045
:1017500024402000000002E00550055006500420FF
:1017600020403FC00440040003C00040000004408B
:1017700027C000400000000000100010041027E007
:101780000000000020403FC00140070004C00440AA
:10179000204020403FC000400040000007C004003F
:1017A00007C0040003C00000044007C00440040058
:1017B00003C0004000000380044004400380000098
:1017C000041007F004500440038000000000038070
:1017D0000440045007F00010044007C00240040019
:1017E00004000000000006400540054004C0000061
:1017F000000004001F800440004000000400078037
:101800000040044007C000400400070004C00180FD
:1018100006000400060001C0070001C00600000029
:10182000044006C0010006C0044000000410071078
:1018300004E00180060004000000044005C00640EA
:10184000044000000000000004007BE04020000095
:10185000000000000000FFF0000000000000402039
:101860007BE00400000000004000800040002000F9
:101870002000400000000000000000000000000008
:10188000000000000000000000001FCC000C000061
:101890000000000000000800300060000800300078
:1018A00060000000022003FC1E20022003FC1E201A
:1018B0000220000000000E1811043FFF10840C7875
:1018C000000000000F0010840F3800C00778188453
:1018D0000078000000780F8410C411240E9800E4F2
:1018E000008400080800680070000000000000008C
:1018F0000000000000000000000007E018182004AD
:1019000040020000000040022004181807E0000018
:10191000000000000240024001800FF00180024000
:10192000024000000080008000800FF800800080EE
:10193000008000000001000D000E0000000000000B
:101940000000000000000080008000800080008017
:10195000008000800000000C000C0000000000006F
:101960000000000000000006001800600180060072
:1019700018002000000007F00808100410040808F0
:1019800007F000000000080408041FFC0004000425
:101990000000000000000E0C1014102410441184EC
:1019A0000E0C000000000C18100411041104128821
:1019B0000C700000000000E00320042408241FFC39
:1019C0000024000000001F981084110411041088E6
:1019D00010700000000007F0088811041104188836
:1019E0000070000000001C00100010FC13001C0020
:1019F0001000000000000E381144108410841144BF
:101A00000E38000000000700088C104410440888BD
:101A100007F00000000000000000030C030C0000B1
:101A200000000000000000000001010600000000AE
:101A3000000000000000008001400220041008089F
:101A400010040000022002200220022002200220B6
:101A500002200000000010040808041002200140C9
:101A60000080000000000E001200100C106C1080AE
:101A70000F00000003E00C1813E4142417C4082816
:101A800007D000000004003C03C41C40074000E4F1
:101A9000001C000410041FFC1104110411040E8822
:101AA0000070000003E00C1810041004100410086B
:101AB0001C10000010041FFC10041004100408087F
:101AC00007F0000010041FFC1104110417C41004D7
:101AD0000818000010041FFC1104110017C01000AA
:101AE0000800000003E00C181004100410441C78D7
:101AF0000040000010041FFC10840080008010844F
:101B00001FFC10040000100410041FFC100410043B
:101B10000000000000030001100110011FFE100072
:101B20001000000010041FFC110403801464181C32
:101B30001004000010041FFC100400040004000442
:101B4000000C000010041FFC1F0000FC1F001FFC05
:101B50001004000010041FFC0C04030000E0101827
:101B60001FFC100007F008081004100410040808F7
:101B700007F0000010041FFC1084108010801080FB
:101B80000F00000007F0081810241024101C080A89
:101B900007F2000010041FFC1104110011C01130E5
:101BA0000E0C000400000E1C11041084108410445C
:101BB0001C3800001800100010041FFC1004100056
:101BC0001800000010001FF81004000400041004A6
:101BD0001FF8100010001E0011E0001C00701380A0
:101BE0001C0010001FC0103C00E01F0000E0103C73
:101BF0001FC000001004180C163401C001C01634B8
:101C0000180C100410001C00130400FC13041C002A
:101C1000100000000804101C1064108413041C043D
:101C2000101800000000000000007FFE400240028B
:101C300040020000000030000C0003800060001C27
:101C40000003000000004002400240027FFE00004E
:101C500000000000000000002000400040004000A4
:101C6000200000000001000100010001000100014E
:101C700000010001000040004000200000000000C2
:101C800000000000000000980124014401440144C8
:101C900000FC000410001FFC0088010401040088FF
:101CA00000700000000000700088010401040104BD
:101CB0000088000000000070008801040104110881
:101CC0001FFC0004000000F80144014401440144E9
:101CD00000C800000000010401040FFC11041104FD
:101CE00011001800000000D601290129012901C9AD
:101CF0000106000010041FFC008401000100010423
:101D000000FC000400000104190419FC0004000494
:101D1000000000000000000300010101190119FE8C
:101D20000000000010041FFC0024004001B4010C5E
:101D3000010400000000100410041FFC0004000453
:101D400000000000010401FC0104010001FC010489
:101D5000010000FC010401FC0084010001000104F9
:101D600000FC0004000000F8010401040104010467
:101D700000F80000010101FF008501040104008852
:101D800000700000000000700088010401040105DB
:101D900001FF00010104010401FC008401040100B1
:101DA00001800000000000CC012401240124012452
:101DB0000198000000000100010007F8010401047F
:101DC00000000000010001F8000400040004010804
:101DD00001FC0004010001800170000C0010016092
:101DE0000180010001F0010C003001C00030010C45
:101DF00001F0010000000104018C00740170018CED
:101E000001040000010101810171000E0018016050
:101E10000180010000000184010C013401440184AF
:101E2000010C0000000000000000000001003EFC6A
:101E3000400240020000000000000000FFFF000020
:101E4000000000000000400240023EFC01000000D3
:101E500000000000000060008000800040004000A2
:101E60002000200000000000000000000000000032
:101E7000000000003F4000000000000000003000B3
:101E8000400030004000000009000BC03D000BC0C6
:101E90003D00090018C024407FE02240318000004E
:101EA000180024C01B000D803240018003801C40BC
:101EB00027401C8007400040100060000000000028
:101EC000000000000000000000001F8020404020B3
:101ED0000000402020401F80000000000900060094
:101EE0001F80060009000000040004003F80040079
:101EF000040000000010006000000000000000006E
:101F0000040004000400040004000000000000407D
:101F10000000000000000000002001C006003800A2
:101F2000400000001F802040204020401F80000013
:101F3000000010403FC000400000000018C02140D9
:101F400022402440184000001080204024402440BB
:101F50001B80000002000D0011003FC00140000086
:101F60003C80244024402440238000001F802440E3
:101F700024403440038000003000200027C0380097
:101F8000200000001B802440244024401B800000CF
:101F90001C0022C0224022401F80000000000000E0
:101FA0000840000000000000000000000460000085
:101FB00000000000000004000A00110020804040E2
:101FC0000900090009000900090000000000404064
:101FD000208011000A000400180020002340240083
:101FE000180000001F802040274029401F400000AB
:101FF000004007C039000F0001C0004020403FC032
:10200000244024401B8000001F80204020402040AE
:102010003080000020403FC0204020401F80000052
:1020200020403FC024402E4030C0000020403FC030
:1020300024402E00300000000F001080204022407D
:102040003380020020403FC0040004003FC0204015
:10205000204020403FC02040204000000060202061
:1020600020203FC02000200020403FC024400B0023
:1020700030C0204020403FC020400040004000C011
:102080003FC03C0003C03C003FC0000020403FC0B8
:102090000C4023003FC020001F80204020402040F3
:1020A0001F80000020403FC0244024001800000092
:1020B0001F802140214020E01FA0000020403FC0A1
:1020C0002440260019C0004018C02440244022406B
:1020D00031800000300020403FC020403000000030
:1020E00020003F80004000403F80200020003E0054
:1020F00001C0070038002000380007C03C0007C0BE
:1021000038000000204039C0060039C020400000DF
:102110002000384007C0384020000000304021C077
:102120002640384020C00000000000007FE0402032
:1021300040200000000070000C0003800040000000
:102140000000402040207FE0000000000000200050
:1021500040002000000000000010001000100010DF
:10216000001000100000000040000000000000000F
:10217000000002800540054003C0004020003FC031
:102180000440044003800000000003800440044039
:102190000640000000000380044024403FC000408F
:1021A000000003800540054003400000000004409B
:1021B0001FC0244024402000000002E005500550CC
:1021C0000650042020403FC00440040003C00040EB
:1021D0000000044027C00040000000000010001074
:1021E000041027E00000000020403FC0014007002D
:1021F00004C00440204020403FC000400040000098
:1022000007C0040007C0040003C00000044007C06A
:102210000440040003C00040000003800440044068
:1022200003800000041007F0045004400380000005
:10223000000003800440045007F00010044007C071
:102240000240040004000000000006400540054074
:1022500004C00000000004001F8004400040000093
:10226000040007800040044007C00040040007004D
:1022700004C0018006000400060001C0070001C080
:1022800006000000044006C0010006C00440000033
:102290000410071004E00180060004000000044060
:1022A00005C00640044000000000000004007BE080
:1022B00040200000000000000000FFF000000000CF
:1022C000000040207BE0040000000000400080008F
:1022D000400020002000400000000000000000003E
:1022E00000000000000000000000000000001FCC03
:1022F000000C00000000000000000800300060003A
:102300000800300060000000022003FC1E200220B4
:1023100003FC1E200220000000000E1811043FFFE5
:1023200010840C78000000000F0010840F3800C0EB
:10233000077818840078000000780F8410C41124F6
:102340000E9800E400840008080068007000000097
:10235000000000000000000000000000000007E096
:102360001818200440020000000040022004181841
:1023700007E00000000000000240024001800FF072
:1023800001800240024000000080008000800FF8C1
:1023900000800080008000000001000D000E0000A1
:1023A00000000000000000000000008000800080AD
:1023B00000800080008000800000000C000C000005
:1023C000000000000000000000000006001800608F
:1023D0000180060018002000000007F00808100423
:1023E0001004080807F000000000080408041FFC9F
:1023F000000400040000000000000E0C1014102463
:10240000104411840E0C000000000C18100411047C
:10241000110412880C700000000000E00320042466
:1024200008241FFC0024000000001F9810841104E1
:102430001104108810700000000007F008881104D3
:10244000110418880070000000001C00100010FC2F
:1024500013001C001000000000000E38114410840E
:10246000108411440E38000000000700088C10444E
:102470001044088807F00000000000000000030C72
:10248000030C000000000000000000000001010635
:102490000000000000000000000000800140022059
:1024A000041008081004000002200220022002206C
:1024B000022002200220000000001004080804107E
:1024C000022001400080000000000E001200100CED
:1024D000106C10800F00000003E00C1813E41424AB
:1024E00017C4082807D000000004003C03C41C40A7
:1024F000074000E4001C000410041FFC1104110438
:1025000011040E880070000003E00C181004100481
:10251000100410081C10000010041FFC100410040C
:102520001004080807F0000010041FFC1104110437
:1025300017C410040818000010041FFC1104110037
:1025400017C010000800000003E00C18100410046D
:1025500010441C780040000010041FFC1084008010
:10256000008010841FFC10040000100410041FFCE5
:10257000100410040000000000030001100110010D
:102580001FFE10001000000010041FFC1104038047
:102590001464181C1004000010041FFC1004000434
:1025A00000040004000C000010041FFC1F0000FCCD
:1025B0001F001FFC1004000010041FFC0C0403008B
:1025C00000E010181FFC100007F0080810041004A9
:1025D0001004080807F0000010041FFC108410808D
:1025E000108010800F00000007F00818102410243D
:1025F000101C080A07F2000010041FFC110411004F
:1026000011C011300E0C000400000E1C11041084C7
:10261000108410441C3800001800100010041FFC27
:10262000100410001800000010001FF8100400042F
:10263000000410041FF8100010001E0011E0001C20
:10264000007013801C0010001FC0103C00E01F0031
:1026500000E0103C1FC000001004180C163401C02C
:1026600001C01634180C100410001C00130400FCE8
:1026700013041C00100000000804101C10641084D7
:1026800013041C04101800000000000000007FFE6E
:102690004002400240020000000030000C000380B5
:1026A0000060001C000300000000400240024002E5
:1026B0007FFE00000000000000000000200040003D
:1026C0004000400020000000000100010001000166
:1026D0000001000100010001000040004000200056
:1026E00000000000000000000000009801240144E8
:1026F0000144014400FC000410001FFC0088010498
:1027000001040088007000000000007000880104CF
:10271000010401040088000000000070008801042A
:10272000010411081FFC0004000000F801440144EA
:102730000144014400C800000000010401040FFC32
:102740001104110411001800000000D6012901290C
:10275000012901C90106000010041FFC00840100CA
:102760000100010400FC000400000104190419FC2C
:10277000000400040000000000000003000101014B
:10278000190119FE0000000010041FFC0024004085
:1027900001B4010C010400000000100410041FFC2F
:1027A0000004000400000000010401FC0104010019
:1027B00001FC0104010000FC010401FC0084010093
:1027C0000100010400FC0004000000F80104010401
:1027D0000104010400F80000010101FF008501046B
:1027E00001040088007000000000007000880104EF
:1027F0000104010501FF00010104010401FC008442
:102800000104010001800000000000CC012401242B
:10281000012401240198000000000100010007F8D4
:102820000104010400000000010001F8000400049C
:102830000004010801FC0004010001800170000C8B
:10284000001001600180010001F0010C003001C0A6
:102850000030010C01F0010000000104018C007443
:102860000170018C01040000010101810171000E61
:10287000001801600180010000000184010C013496
:1028800001440184010C0000000000000000000071
:1028900001003EFC40024002000000000000000079
:1028A000FFFF0000000000000000400240023EFC6C
:1028B00001000000000000000000600080008000B7
:1028C0004000400020002000004D9AD77934E3AE4C
:1028D000F2BF68258BC6115CA9E4337ED09D4A0700
:1028E0005B16C18C226FB8F51F5285C8662BFCB1F0
:1028F000EDA0773A94D90E43B6FB2C61CF825518E0
:102900004409DE933D70A7EA3E73A4E9470ADD90CF
:10291000CC81561BB5F82F6297DA0D40EEA37439BF
:102920006528FFB21C5186CB216CBBF65815C28FAF
:10293000D39E4904AAE7307D88C5125FF1BC6B269F
:102940007A37E0AD034E99D47C31E6AB05489FD28F
:102950008EC31459F7BA6D20D5984F02ACE1367B7F
:10296000276ABDF05E13C489632EF9B41A5780CD6F
:1029700091DC0B46E8A5723FCA87501DB3FE29645F
:102980003875A2EF410CDB96420FD8953B76A1EC4F
:10299000B0FD2A67C984531EEBA6713C92DF08453F
:1029A000195483CE602DFAB75D10C78A2469BEF32F
:1029B000AFE23578D69B4C01F4B96E238DC0175A1F
:1029C000064B9CD17F32E5A800000000000000000B
:1029D00000000000000000003F4000000000000078
:1029E00000003000400030004000000009000BC033
:1029F0003D000BC03D00090018C024407FE022408C
:102A000031800000180024C01B000D80324001807E
:102A100003801C4027401C800740004010006000DD
:102A200000000000000000000000000000001F8007
:102A3000204040200000402020401F800000000077
:102A4000090006001F8006000900000004000400C1
:102A50003F8004000400000000100060000000003F
:102A60000000000004000400040004000400000052
:102A7000000000400000000000000000002001C035
:102A800006003800400000001F8020402040204009
:102A90001F800000000010403FC000400000000008
:102AA00018C02140224024401840000010802040DF
:102AB000244024401B80000002000D0011003FC094
:102AC000014000003C80244024402440238000003A
:102AD0001F80244024403440038000003000200048
:102AE00027C03800200000001B80244024402440E0
:102AF0001B8000001C0022C0224022401F800000DA
:102B0000000000000840000000000000000000007D
:102B10000460000000000000000004000A00110032
:102B20002080404009000900090009000900000058
:102B300000004040208011000A000400180020001E
:102B400023402400180000001F8020402740294017
:102B50001F400000004007C039000F0001C00040C6
:102B600020403FC0244024401B8000001F802040A4
:102B7000204020403080000020403FC020402040C6
:102B80001F80000020403FC024402E4030C0000085
:102B900020403FC024402E00300000000F00108075
:102BA000204022403380020020403FC00400040047
:102BB0003FC02040204020403FC020402040000037
:102BC0000060202020203FC02000200020403FC087
:102BD00024400B0030C0204020403FC02040004037
:102BE000004000C03FC03C0003C03C003FC00000AC
:102BF00020403FC00C4023003FC020001F802040E9
:102C0000204020401F80000020403FC0244024007E
:102C1000180000001F802140214020E01FA000007C
:102C200020403FC02440260019C0004018C0244066
:102C30002440224031800000300020403FC020402E
:102C40003000000020003F80004000403F80200016
:102C500020003E0001C0070038002000380007C0F7
:102C60003C0007C038000000204039C0060039C0D1
:102C7000204000002000384007C0384020000000FD
:102C8000304021C02640384020C000000000000035
:102C90007FE0402040200000000070000C00038016
:102CA000004000000000402040207FE000000000C5
:102CB0000000200040002000000000000010001074
:102CC0000010001000100010000000004000000084
:102CD00000000000000002800540054003C00040E5
:102CE00020003FC004400440038000000000038037
:102CF00004400440064000000000038004402440DB
:102D00003FC0004000000380054005400340000034
:102D1000000004401FC0244024402000000002E0C6
:102D2000055005500650042020403FC004400400D8
:102D300003C000400000044027C000400000000025
:102D400000100010041027E00000000020403FC0E9
:102D50000140070004C00440204020403FC0004024
:102D60000040000007C0040007C0040003C00000CA
:102D7000044007C00440040003C00040000003807A
:102D80000440044003800000041007F00450044095
:102D900003800000000003800440045007F000108E
:102DA000044007C002400400040000000000064088
:102DB0000540054004C00000000004001F800440DE
:102DC00000400000040007800040044007C00040AD
:102DD0000400070004C0018006000400060001C0D2
:102DE000070001C006000000044006C0010006C044
:102DF000044000000410071004E0018006000400F5
:102E00000000044005C0064004400000000000002F
:102E100004007BE040200000000000000000FFF004
:102E200000000000000040207BE0040000000000E3
:102E30004000800040002000200040000000000012
:102E40000000000000000000000000000000000082
:102E500000001FCC000C0000000000000000080073
:102E6000300060000800300060000000022003FC19
:102E70001E20022003FC1E200220000000000E186D
:102E800011043FFF10840C78000000000F00108434
:102E90000F3800C0077818840078000000780F848D
:102EA00010C411240E9800E4008400080800680093
:102EB00070000000000000000000000000000000A2
:102EC000000007E018182004400200000000400243
:102ED0002004181807E00000000000000240024033
:102EE00001800FF00180024002400000008000805D
:102EF00000800FF800800080008000000001000DBD
:102F0000000E000000000000000000000000008033
:102F10000080008000800080008000800000000CA5
:102F2000000C00000000000000000000000000068F
:102F3000001800600180060018002000000007F063
:102F4000080810041004080807F000000000080436
:102F500008041FFC000400040000000000000E0C28
:102F600010141024104411840E0C000000000C18E2
:102F700010041104110412880C700000000000E01D
:102F80000320042408241FFC0024000000001F98D4
:102F9000108411041104108810700000000007F064
:102FA00008881104110418880070000000001C003B
:102FB000100010FC13001C001000000000000E3870
:102FC00011441084108411440E38000000000700E2
:102FD000088C10441044088807F00000000000002E
:102FE0000000030C030C00000000000000000000C3
:102FF0000001010600000000000000000000008049
:1030000001400220041008081004000002200220E1
:1030100002200220022002200220000000001004F2
:1030200008080410022001400080000000000E008B
:103030001200100C106C10800F00000003E00C1840
:1030400013E4142417C4082807D000000004003C2F
:1030500003C41C40074000E4001C000410041FFCD3
:103060001104110411040E880070000003E00C1814
:1030700010041004100410081C10000010041FFCA1
:10308000100410041004080807F0000010041FFCCE
:103090001104110417C410040818000010041FFCC8
:1030A0001104110017C010000800000003E00C1804
:1030B0001004100410441C780040000010041FFC91
:1030C00010840080008010841FFC10040000100495
:1030D00010041FFC10041004000000000003000195
:1030E000100110011FFE10001000000010041FFC52
:1030F000110403801464181C1004000010041FFC49
:103100001004000400040004000C000010041FFC64
:103110001F0000FC1F001FFC1004000010041FFC17
:103120000C04030000E010181FFC100007F0080852
:10313000100410041004080807F0000010041FFC1D
:1031400010841080108010800F00000007F0081815
:1031500010241024101C080A07F2000010041FFCA1
:103160001104110011C011300E0C000400000E1CDF
:1031700011041084108410441C3800001800100042
:1031800010041FFC100410001800000010001FF8AD
:1031900010040004000410041FF8100010001E00AA
:1031A00011E0001C007013801C0010001FC0103CB8
:1031B00000E01F0000E0103C1FC000001004180CCD
:1031C000163401C001C01634180C100410001C0085
:1031D000130400FC13041C00100000000804101C61
:1031E0001064108413041C04101800000000000078
:1031F00000007FFE4002400240020000000030005C
:103200000C0003800060001C00030000000040026E
:10321000400240027FFE00000000000000000000AD
:10322000200040004000400020000000000100019C
:103230000001000100010001000100010000400048
:103240004000200000000000000000000000009886
:10325000012401440144014400FC000410001FFC4F
:103260000088010401040088007000000000007064
:1032700000880104010401040088000000000070BF
:1032800000880104010411081FFC0004000000F87C
:10329000014401440144014400C80000000001044D
:1032A00001040FFC1104110411001800000000D6E5
:1032B00001290129012901C90106000010041FFC90
:1032C000008401000100010400FC0004000001046E
:1032D000190419FC000400040000000000000003B1
:1032E00000010101190119FE0000000010041FFC7B
:1032F0000024004001B4010C01040000000010048F
:1033000010041FFC0004000400000000010401FC84
:103310000104010001FC0104010000FC010401FCA6
:10332000008401000100010400FC0004000000F81A
:10333000010401040104010400F80000010101FF7F
:103340000085010401040088007000000000007086
:10335000008801040104010501FF000101040104CA
:1033600001FC00840104010001800000000000CC89
:10337000012401240124012401980000000001001F
:10338000010007F80104010400000000010001F839
:10339000000400040004010801FC00040100018095
:1033A0000170000C001001600180010001F0010CAF
:1033B000003001C00030010C01F0010000000104E8
:1033C000018C00740170018C010400000101018175
:1033D0000171000E001801600180010000000184ED
:1033E000010C013401440184010C000000000000C4
:1033F0000000000001003EFC40024002000000000E
:1034000000000000FFFF000000000000000040027C
:1034100040023EFC010000000000000000006000CF
:103420008000800040004000200020006800000470
:1034300076005401F7FD000175191A0C6A231B1C54
:103440001F207274433B4138393A6B6C376F062446
:103450006D6E70008300000000080000000100187D
:1034600032000500000020410000D242295C0F3EDE
:103470009A99993E3333733F295C0F3E0000000058
:103480000000000000000000000000003F400000BD
:10349000000000000000300040003000400000004C
:1034A00009000BC03D000BC03D00090018C02440BE
:1034B0007FE0224031800000180024C01B000D80F6
:1034C0003240018003801C4027401C8007400040A0
:1034D000100060000000000000000000000000007C
:1034E00000001F80204040200000402020401F801E
:1034F00000000000090006001F800600090000000F
:10350000040004003F80040004000000001000607C
:10351000000000000000000004000400040004009B
:103520000400000000000040000000000000000057
:10353000002001C006003800400000001F8020402D
:10354000204020401F800000000010403FC000408D
:103550000000000018C02140224024401840000014
:1035600010802040244024401B80000002000D00F9
:1035700011003FC0014000003C8024402440244012
:10358000238000001F80244024403440038000003A
:103590003000200027C03800200000001B8024409D
:1035A000244024401B8000001C0022C022402240F6
:1035B0001F80000000000000084000000000000024
:1035C0000000000004600000000000000000040093
:1035D0000A0011002080404009000900090009008C
:1035E0000900000000004040208011000A00040093
:1035F0001800200023402400180000001F802040F5
:10360000274029401F400000004007C039000F003C
:1036100001C0004020403FC0244024401B800000E7
:103620001F802040204020403080000020403FC0CC
:10363000204020401F80000020403FC024402E40FA
:1036400030C0000020403FC024402E003000000069
:103650000F001080204022403380020020403FC0F5
:10366000040004003FC02040204020403FC02040D4
:10367000204000000060202020203FC020002000CB
:1036800020403FC024400B0030C0204020403FC0BD
:1036900020400040004000C03FC03C0003C03C0050
:1036A0003FC0000020403FC00C4023003FC020002E
:1036B0001F802040204020401F80000020403FC04D
:1036C00024402400180000001F802140214020E0F9
:1036D0001FA0000020403FC02440260019C0004029
:1036E00018C0244024402240318000003000204097
:1036F0003FC020403000000020003F8000400040DC
:103700003F80200020003E0001C00700380020005C
:10371000380007C03C0007C038000000204039C016
:10372000060039C0204000002000384007C0384063
:1037300020000000304021C02640384020C000005A
:10374000000000007FE040204020000000007000EA
:103750000C000380004000000000402040207FE07B
:1037600000000000000020004000200000000000D9
:1037700000100010001000100010001000000000E9
:1037800040000000000000000000028005400540ED
:1037900003C0004020003FC00440044003800000FC
:1037A0000000038004400440064000000000038045
:1037B000044024403FC00040000003800540054015
:1037C00003400000000004401FC0244024402000AB
:1037D000000002E0055005500650042020403FC084
:1037E0000440040003C000400000044027C0004023
:1037F0000000000000100010041027E0000000008E
:1038000020403FC00140070004C004402040204049
:103810003FC000400040000007C0040007C0040093
:1038200003C00000044007C00440040003C000407F
:10383000000003800440044003800000041007F0EF
:103840000450044003800000000003800440045042
:1038500007F00010044007C002400400040000000C
:10386000000006400540054004C0000000000400C0
:103870001F80044000400000040007800040044016
:1038800007C000400400070004C0018006000400D7
:10389000060001C0070001C006000000044006C089
:1038A000010006C0044000000410071004E001807D
:1038B000060004000000044005C00640044000006B
:1038C0000000000004007BE0402000000000000039
:1038D0000000FFF000000000000040207BE004003A
:1038E0000000000040008000400020002000400058
:1038F00000000000000000000000000000000000C8
:103900000000000000001FCC000C000000000000C0
:103910000000080030006000080030006000000077
:10392000022003FC1E20022003FC1E2002200000B7
:1039300000000E1811043FFF10840C7800000000F6
:103940000F0010840F3800C007781884007800003A
:1039500000780F8410C411240E9800E4008400083D
:103960000800680070000000000000000000000077
:1039700000000000000007E01818200440020000CA
:10398000000040022004181807E0000000000000BA
:103990000240024001800FF001800240024000001E
:1039A0000080008000800FF8008000800080000010
:1039B0000001000D000E00000000000000000000EB
:1039C0000000008000800080008000800080008077
:1039D0000000000C000C00000000000000000000CF
:1039E000000000060018006001800600180020009A
:1039F000000007F0080810041004080807F0000091
:103A00000000080408041FFC00040004000000007B
:103A100000000E0C10141024104411840E0C000031
:103A200000000C1810041104110412880C7000001E
:103A3000000000E00320042408241FFC00240000F0
:103A400000001F98108411041104108810700000E9
:103A5000000007F0088811041104188800700000A5
:103A600000001C00100010FC13001C0010000000DF
:103A700000000E3811441084108411440E380000E8
:103A800000000700088C10441044088807F000006C
:103A9000000000000000030C030C00000000000008
:103AA000000000000001010600000000000000000E
:103AB00000000080014002200410080810040000EB
:103AC0000220022002200220022002200220000008
:103AD00000001004080804100220014000800000CB
:103AE00000000E001200100C106C10800F0000007F
:103AF00003E00C1813E4142417C4082807D00000AE
:103B00000004003C03C41C40074000E4001C000407
:103B100010041FFC1104110411040E880070000031
:103B200003E00C1810041004100410081C1000000E
:103B300010041FFC100410041004080807F0000013
:103B400010041FFC1104110417C41004081800000D
:103B500010041FFC1104110017C010000800000021
:103B600003E00C181004100410441C7800400000FE
:103B700010041FFC10840080008010841FFC1004BF
:103B80000000100410041FFC1004100400000000CA
:103B900000030001100110011FFE100010000000C2
:103BA00010041FFC110403801464181C100400008E
:103BB00010041FFC1004000400040004000C0000AA
:103BC00010041FFC1F0000FC1F001FFC100400005D
:103BD00010041FFC0C04030000E010181FFC100070
:103BE00007F00808100410041004080807F000008B
:103BF00010041FFC10841080108010800F00000043
:103C000007F0081810241024101C080A07F20000FE
:103C100010041FFC1104110011C011300E0C00041F
:103C200000000E1C11041084108410441C38000085
:103C30001800100010041FFC1004100018000000F1
:103C400010001FF810040004000410041FF81000F6
:103C500010001E0011E0001C007013801C001000FA
:103C60001FC0103C00E01F0000E0103C1FC000001F
:103C70001004180C163401C001C01634180C1004BE
:103C800010001C00130400FC13041C0010000000B2
:103C90000804101C1064108413041C041018000085
:103CA0000000000000007FFE4002400240020000D1
:103CB000000030000C0003800060001C00030000C6
:103CC00000004002400240027FFE000000000000B1
:103CD00000000000200040004000400020000000E4
:103CE00000010001000100010001000100010001CC
:103CF0000000400040002000000000000000000024
:103D000000000098012401440144014400FC000427
:103D100010001FFC008801040104008800700000EE
:103D20000000007000880104010401040088000004
:103D30000000007000880104010411081FFC000449
:103D4000000000F8014401440144014400C800009F
:103D50000000010401040FFC1104110411001800FB
:103D6000000000D601290129012901C9010600002E
:103D700010041FFC008401000100010400FC000489
:103D800000000104190419FC0004000400000000F4
:103D90000000000300010101190119FE00000000EC
:103DA00010041FFC0024004001B4010C01040000B9
:103DB0000000100410041FFC0004000400000000B8
:103DC000010401FC0104010001FC0104010000FCEC
:103DD000010401FC008401000100010400FC000456
:103DE000000000F8010401040104010400F80000CF
:103DF000010101FF0085010401040088007000003A
:103E000000000070008801040104010501FF0001A9
:103E10000104010401FC0084010401000180000090
:103E2000000000CC01240124012401240198000099
:103E300000000100010007F8010401040000000077
:103E4000010001F8000400040004010801FC000462
:103E5000010001800170000C001001600180010070
:103E600001F0010C003001C00030010C01F0010034
:103E700000000104018C00740170018C0104000039
:103E8000010101810171000E001801600180010033
:103E900000000184010C013401440184010C000084
:103EA000000000000000000001003EFC4002400253
:103EB0000000000000000000FFFF00000000000004
:103EC0000000400240023EFC010000000000000033
:103ED00000006000800080004000400020002000C2
:103EE0000000700000000024000000020003000039
:103EF00000650054FFEF0000FA80000B1282000101
:103F0000030C30C30E8C8CE914D5400213710F8E54
:103F10003883F8833000F883258EF8833000F883E7
:103F2000FFFFFFFF0FFEA9D6240004001A8279A12B
:103F30000000003CFFFF00000010000038836FA26B
:103F4000003E03304000000002CAE3093E8000004A
:103F500020000000000000004000000060000000A1
:103F6000000C0000000C186E000006920A16C0DF5C
:103F7000FFFF0256FD8CD377FFE1C496E0C5BEAAD1
:103F800000000000FFFF0B2B000016570000035934
:103F90004000000000001DFA00026C1D000000003F
:103FA0003FFFDFEB003EB3B6000D227800002F3C50
:103FB00000000000001942B5000039A20000B365FE
:103FC000D90E9FC91DCF4C343000000050000000B6
:103FD0003BB67AE80064000000C800000000000062
:103FE000100000001000FA921000225E000D229FC7
:103FF0000001000000320000FF46000063D4000012
:104000001000000004D6000004CC000004CC000026
:1040100000001072000000400000000000000000DE
:104020000006000200050007000000000064000018
:1040300000000000000000050005006400200000F2
:10404000000000000000000000004000000003002D
:1040500000000032F8980000FF650000830F0000A8
:10406000FF9BFC00000000000000000000000000BA
:104070000000000000000000000000000000000040
:104080000000000000000000000000000000100020
:1040900040000000000000060000B26A00020000BC
:1040A0000001FB830068000000D9FC007CF1FF8365
:1040B0000000000000650000006403E800640028C0
:1040C000000000250000000016A000000000100005
:1040D00000001000002F0000000001F4000010009C
:1040E00000280000FFFF4581FFFFFA72000000007A
:1040F00000000000004400050005BAC6004778A291
:104100000000000100000000000006000000001494
:104110000000254D002F706D000005AE000C02D090
:10412000000000000000000000000000000000008F
:10413000001B000000000000000000000000000064
:104140000064000000080000000000000000000003
:10415000000000000000000000000000000000005F
:10416000000000000000000000000000000000004F
:10417000000000000000000000000000000000003F
:10418000000000000000000000000000000000002F
:10419000000000000000000000000000000000001F
:1041A000001B00000000000000000000000E000ED8
:1041B00000000AC70004000000000032FFFFFF9C5F
:1041C00000000B2B00000002000000010000006452
:1041D000FFE50000000000000000000000000000FB
:1041E00000000001000000000001000000000000CD
:1041F000000180000001800000018000002426D31F
:104200000000000000000000000600100096003CC6
:10421000000000000000000000000000000000009E
:104220000C0A4E68CDCF770950166759C619CE8251
:10423000000000000000000000000000000000007E
:10424000000000000000000017D7840003000000F9
:104250000000000000000000C7938F9D1E1B1C196A
:10426000000000000000000000000000000000004E
:10427000000000000000000002031885000040005C
:104280000000000300000003000000000000000028
:1042900040000000000000000000000000000000DE
:1042A000000000000000000000000000000000000E
:1042B00000000000000000000000000000000000FE
:1042C00000000000677DDF7E72902E554CF6E68878
:1042D00000000000000000000000000000000000DE
:1042E000D8DCB4B8B0D8B9ABF3F8FAB3B7BB8E9E8C
:1042F000AEF132F51BF1B4B8B08097F1A9DFDFDF82
:10430000AADFDFDFF2AAC5CDC7A90CC92C97F1A996
:1043100089264666B28999A92D557DB0B08AA8969E
:10432000365676F1BAA3B4B280C0B8A89711B2835A
:1043300098BAA3F0240844106418B2B9B49883F171
:10434000A329557DBAB5B1A38393F0002850F5B2E7
:10435000B6AA839328547CF1B9A3829361BAA2DAF6
:10436000DEDFDB819AB9AEF5606870F1DABAA2DF00
:10437000D9BAA2FAB9A38292DB31BAA2D9BAA2F809
:10438000DF85A4D0C1BBAD83C2C5C7B8A2DFDFDF64
:10439000BAA0DFDFDFD8D8F1B8AAB38DB4980D3555
:1043A0005DB2B6BAAF8C96198F9FA70E161EB49A3F
:1043B000B8AA872C547CBAA4B08AB691325676B289
:1043C0008494A4C808CDD8B8B4B0F19982A82D556A
:1043D0007D98A80E161EA22C547C92A4F02C507826
:1043E000F184A898C4CDFCD80DDBA8FC2DF3D9BA74
:1043F000A6F8DABAA6DED8BAB2B68696A6D0F3C8C0
:1044000041DAA6C8F8D8B0B4B882A892F52C54887E
:1044100098F135D9F418D8F1A2D0F8F9A884D9C701
:10442000DFF8F883C5DADF69DF83C1D8F40114F15E
:10443000A8824EA884F311D182F5D992289788F1E9
:1044400009F41C1CD884A8F3C0F9D1D99782F129AA
:10445000F40DD8F3F9F9D1D982F4C203D8DEDF1A0A
:10446000D8F1A2FAF9A88498D9C7DFF8F8F883C779
:10447000DADF69DFF883C3D8F40114F198A8822E3B
:10448000A884F311D182F5D992509788F109F41CD0
:10449000D884A8F3C0F8F9D1D99782F149F40DD89E
:1044A000F3F9F9D1D982F4C403D8DEDFD8F1AD88AD
:1044B00098CCA809F9D98292A8F57CF1883ACF94D2
:1044C0004A6E98DB6931DAADF2DEF9D88795A8F249
:1044D00021D1DAA5F9F417D9F1AE8ED0C0C3AE82DE
:1044E000C684C3A88595C8A588F2C0F1F4010EF171
:1044F0008E9EA8C63E56F554F18872F40115F198C7
:1045000045856EF58E9E0488F142985A8E9E0688E7
:1045100069F4011CF1981E1108D0F504F11E9702F0
:1045200002983625DBF9D985A5F3C1DA85A5F3DF35
:10453000D88595A8F309DAA5FAD88292A8F578F17A
:10454000881A849F26889821DAF41DF3D8879F392A
:10455000D1AFD9DFDFFBF9F40CF3D8FAD0F8DAF9F0
:10456000F9D0DFD9F9D8F40BD8F3879F39D1AFD977
:10457000DFDFF41DF3D8FAFCA869F9F9AFD0DADE71
:10458000FAD9F88F9FA8F1CCF398DB45D9AFDFD0EB
:10459000F8D8F18F9FA8CAF38809DAAF8FCBF8D883
:1045A000F2AD978D0CD9A5DFF9BAA6F3FAF412F2A1
:1045B000D8950DD1D9BAA6F3FADAA5F2C1BAA6F305
:1045C000DFD8F1BAB2B68696A6D0CAF349DAA6CB3E
:1045D000F8D8B0B4B8D8AD84F2C0DFF18FCBC3A89F
:1045E000B2B68696C8C1CBC3F3B0B48898A821DB15
:1045F000718D9D71859521D9ADF2FAD88597A8283E
:10460000D9F408D8F28D29DAF405D9F285A4C2F2DA
:10461000D8A88D9401D1D9F411F2D88721D8F40A01
:10462000D8F28498A8C801D1D9F411D8F3A4C8BB92
:10463000AFD0F2DEF8F8F8F8F8F8F8F8D8F1B8F6F4
:10464000B5B9B08A95A3DE3CA3D9F8D85CA3D9F854
:10465000D87CA3D9F8D8F8F9D1A5D9DFDAFAD8B13E
:104660008530F7D9DED8F830ADDADED8F2B48C99DF
:10467000A32D557DA083DFDFDFB591A0F629D9FBFF
:10468000D8A0FC29D9FAD8A0D051D9F8D8FC51D952
:10469000F9D879D9FBD8A0D0FC79D9FAD8A1F9F901
:1046A000F9F9F9A0DADFDFDFD8A1F8F8F8F8F8AC0B
:1046B000DEF8ADDE8393AC2C547CF1A8DFDFDFF6AF
:1046C0009D2CDAA0DFD9FADB2DF8D8A850DAA0D0DB
:1046D000DED9D0F8F8F8DB55F8D8A878DAA0D0DF22
:1046E000D9D0FAF8F8F8F8DB7DF8D89CA88CF5302A
:1046F000DB38D9D0DEDFA0D0DEDFD8A848DB58D940
:10470000DFD0DEA0DFD0DED8A868DB70D9DFDFA085
:10471000DFDFD8F1A888902C547C98A8D05C38D1E1
:10472000DAF2AE8CDFF9D8B087A8C1C1B188A8C6CB
:10473000F9F9DA36D8A8F9DA36D8A8F9DA36D8A8E5
:10474000F9DA36D8A8F9DA36D8F78D9DADF818DA47
:10475000F2AEDFD8F7ADFA30D9A4DEF9D8F2AEDE8A
:10476000FAF983A7D9C3C5C7F1889BA77AADF7DE4D
:10477000DFA4F8849408A797F300AEF29819A488F0
:10478000C6A39488F632DFF28393DB09D9F2AADF5D
:10479000D8D8AEF8F9D1DAF3A4DEA7F1889B7AD89D
:1047A000F38494AE19F9DAAAF1DFD8A881C0C3C5A1
:1047B000C7A39283F628ADDED9F8D8A350ADD9F8B7
:1047C000D8A378ADD9F8D8F8F9D1A1DADEC3C5C736
:1047D000D8A18194F818F2B089ACC3C5C7F1D8B894
:1047E000B4B09786A8319B069907AB9728889BF0B1
:1047F0000C201440B0B4B8F0A88A9A285078B79B1F
:10480000A8295179247059446938644831F1BBAB07
:1048100088002C547CF0B38BB8A804285078F1B0F1
:1048200088B49726A85998BBABB38B02264666B0CE
:10483000B8F08A9CA82951798B2951798A2470591A
:104840008B2058718A4469388B3940688A644831B2
:104850008B30496088F1AC002C547CF08CA8042883
:104860005078F1889726A85998AC8C02264666F0B5
:10487000899CA8295179247059446938644831A920
:104880008809205970AB11384069A8193148608CEB
:10489000A83C415C207C00F187981986A86E767E42
:1048A000A999882D557DD8B1B5B9A3DFDFDFAED08A
:1048B000DFAAD0DEF2ABF8F9D9B087C4AAF1DFDF06
:1048C000BBAFDFDFB9D8B1F1A3978E60DFB084F260
:1048D000C8F8F9D9DED89385F14AB183A308B58326
:1048E0009A0810B79F10D8F1B0BAAEB08AC2B2B66B
:1048F0008E9EF1FBD9F41DD8F9D90CF1D8F8F8AD9A
:1049000061D9AEFBD8F40CF1D8F8F8AD19D9AEFBEB
:10491000DFD8F416F1D8F8AD8D61D9F4F4ACF59C7C
:104920009C8DDF2BBAB6AEFAF8F40BD8F1AED0F806
:10493000AD51DAAEFAF8F1D8B9B1B6A3839C08B993
:10494000B1839AB5AAC0FD3083B79F10B58B93F29F
:104950000202D1ABDADED8F1B080BAABC0C3B28408
:10496000C1C3D8B1B9F38BA391B609B4D9ABDEB04A
:10497000879CB9A3DDF1B38B8B8B8B8BB087A3A303
:10498000A3A3B28BB69BF2A3A3A3A3A3A3A3A3A3A6
:10499000A3F1B087B59AA3F39BA3A3DCBAACDFB9AC
:1049A000A3A3A3A3A3A3A3A3A3A3A3A3A3A3A3A3D7
:1049B000D8D8D8BBB3B7F1AAF9DAFFD9809AAA2818
:1049C000B48098A720B79787A86688F07951F190AE
:1049D0002C870CA781976293F071716085940129EF
:1049E000517990A5F1284C6C870C95188578A38394
:1049F00090284C6C886CD8F3A28200F210A892190F
:104A000080A2F2D926D8F188A84DD948D896A839DD
:104A100080D93CD89580A839A68698D92CDA87A762
:104A20002CD8A8899519A980D938D8A88939A980FE
:104A3000DA3CD8A82EA83990D90CD8A8953198D9A5
:104A40000CD8A809D9FFD801DAFFD89539A9DA26F8
:104A5000FFD890A80D8999A810809821DA2ED889BE
:104A600099A83180DA2ED8A886963180DA2ED8A877
:104A7000873180DA2ED8A88292F34180F1D92ED8DE
:104A8000A882F31980F1D92ED882ACF3C0A280227B
:104A9000F1A62EA72EA92298A829DAACDEFFD8A26B
:104AA000F22AF1A92E8292A8F23180A696F1D900BD
:104AB000AC8C9C0C30ACDED0DEFFD88C9CACD01023
:104AC000ACDE8092A2F24C82A8F1CAF235F196884F
:104AD000A6D900D8F1FF0000555555555555C53F8D
:104AE0007D6FEB0312D6D4BF5544880E55C1C93F24
:104AF0003B8F68B52882A4BF88B20175E0EF493FBB
:104B000009F7FD0DE13D023F4B2D8A1C273A03C0FA
:104B1000C88A599CE52A004059018D1B6C06E6BFE6
:104B200082922EB1C5B8B33F4FBB610567ACDD3F84
:104B3000182D4454FB21E93F9BF681D20B73EF3FC4
:104B4000182D4454FB21F93FE2652F227F2B7A3C3C
:104B5000075C143326A6813CBDCBF07A8807703CF5
:104B6000075C143326A6913CC4EB98999999C9BF68
:104B7000711623FEC671BCBF6D9A74AFF2B0B3BF9D
:104B80009AFDDE522DDEADBF2F6C6A2C44B4A2BF5D
:104B90000D5555555555D53FFF8300922449C23FC9
:104BA0006E204CC5CD45B73F513DD0A0660DB13FFD
:104BB000EB0D76244B7BA93F11DA22E33AAD903F0F
:104BC000000000000000F03F000000000000F83F7F
:104BD00000000000000000000000004003B8E23FB9
:104BE000000000000000000006D0CF43EBFD4C3E6B
:104BF000033333333333E33FFFAB6FDBB66DDB3F60
:104C00004D268F515555D53F01411DA96074D13FA7
:104C100065DBC9934A86CD3FEF4E454A287ECA3FA1
:104C20003E5555555555C53F93BDBE166CC166BF23
:104C30002CDE25AF6A56113FF16BD2C541BDBBBE1C
:104C4000D0A4BE726937663E00000000000000007C
:104C500000004054FB21F93F3163621A61B4D03D3A
:104C60000000601A61B4D03D7370032E8A19A33B13
:104C70000000002E8A19A33BC14920259A837B3965
:104C800000000000000000006E83F9A22915444EC8
:104C9000D15727FCC0DD34F5999562DB4190433C48
:104CA000AB6351FE61C5BBDE3A6E24B7E0D24D4224
:104CB000EA2E49061C92D1091CEB1DFE3EA729B124
:104CC000F53582E88444BB2E26709CE9417E5FB4B2
:104CD00039D69139F43953838B5F849C3B28F9BDD5
:104CE000FF97F81F0F9805DE8B112FEF1F6D0A5AE3
:104CF000CF7E366DB709CB27663F464F2DEA5F9EC4
:104D0000C7BA27757BF1E5EBF739073DEA92528A7E
:104D1000B15FFB6B085D8D1F7AFE10111111C13F51
:104D200037D60684F464963F280356C9226D6D3F3A
:104D30000165F2F2D844433FA69237A0887E143F23
:104D4000735360DBCB75F3BEFE41B31BBAA1AB3F1F
:104D500093846EE9E326823F1583E0FEC8DB573F6C
:104D600068108D1AF726303FE9A7F0320FB8123FCE
:104D7000D47ABF74702AFB3E50726F6475637420DE
:104D800049442072656164206173203020696E643B
:104D9000696361746573206465766963652069730E
:104DA0002065697468657220696E636F6D706174E7
:104DB00069626C65206F7220616E204D50553330F2
:104DC00035302E0D0A000000E84D010800000020DB
:104DD000BC0300003AFA00082C4F0108BC03002075
:104DE000FC1E0000DC0101081184A24A04680901CC
:104DF000020304060708090C6910A502040608024C
:104E00003B011401420112021203120412051206A0
:104E1000120712081209120A120B120C120D120EAE
:104E2000120F023D104BDC059E00093C9A99993EF9
:104E30009A99193F021D64234843270C4317B75121
:104E40003A280FF042ACC527375B94D939AE0F7AB8
:104E5000440C6809BC74933C7F6ADC400C3CFED473
:104E6000380C1815F0A22F3C5BD33C3D17B7D13856
:104E70008FC2753C2B18953C0C3809B86519623CFB
:104E80007DAE361828080AD7233CCDCCCC18280A8A
:104E90003838DBDC3A12DA823E3C253C83863C28FB
:104EA00013404082A8FB3862BE3C392176A63B6F96
:104EB00012033C10180DF7CC9239CDE9323D713D0B
:104EC0005A40942A39041809BC572D3CF2D2854027
:104ED000241A3A4C3809393B704E3C62A1D6582806
:104EE000095070B13C52B89E3E0C3808CF6B6C3DF7
:104EF000725042183808DE02093DD5CF9B0C016C78
:104F00000B14DC0504012C1E383401082C0401208C
:104F10000A1F5424C3803F5AFF047201052E0AD78A
:0C4F2000A33BA950C95C093E4000000002
:04000005080021319D
:00000001FF
